Stock Number,Days,Year,Model,VIN,Trim,Model Code,Cylinders,Trans,Color,Color Code,MSRP,Invoice,E-Price,Model Code_Key,SKU,KBB AVAIL,KBB_HIGH,KBB_FAIR,KBB_LOW,Strategy,+/-,Color DS,BASE E-Price,Age Discount,DEMO Discount,Accessories,Accessories Cost,E-Price2,DC_CASH,DC_LEASE,DC_FINANCE,,
HM210005,181,2021,INSIGHT,19XZE4F18ME001300,4D LX,ZE4F1MEW,4,AUTO,WX,BK,24280,22624.28,"$21,638",ZE4F1MEW+,ZE4F1MEW+WX/BK,YES,23420,22521.5,21623.0,L_LESS_250,-1,NO SALES,21373,250,0,"Mats, Door Visors",515,"$21,638",500.0,0.0,500.0,,
HM201390,177,2020,CIVIC,2HGFC1F90LH682716,4D TRG-T,FC1F9LKNW,4,AUTO,RE,BK,28655,26674.66,"$26,015",FC1F9LKNW,FC1F9LKNWRE/BK,YES,27844,26791.5,25739.0,FL,0,NO SALES,26265.25,250,0,-,0,"$26,015",0.0,500.0,0.0,,
HM201341,169,2020,FIT,3HGGK5H81LM717798,EX,GK5H8LJW,4,AUTO,RE,BK,20015,19500.28,"$17,249",GK5H8LJW,GK5H8LJWRE/BK,YES,19644,19071.5,18499.0,L_Less_1000,-4,300.00,17499,250,0,-,0,"$17,249",500.0,0.0,0.0,,
HM201354,166,2020,FIT,3HGGK5H4XLM717103,LX,GK5H4LEW,4,AUTO,BK,BK,17945,17494.33,"$15,275",GK5H4LEW,GK5H4LEWBK/BK,YES,17550,17037.5,16525.0,L_Less_1000,-7,240.00,15525,250,0,-,0,"$15,275",500.0,0.0,0.0,,
HM201355,166,2020,FIT,3HGGK5H83LM718712,EX,GK5H8LJW,4,AUTO,RE,BK,20015,19500.28,"$17,249",GK5H8LJW,GK5H8LJWRE/BK,YES,19644,19071.5,18499.0,L_Less_1000,-4,300.00,17499,250,0,-,0,"$17,249",500.0,0.0,0.0,,
HM210009,163,2021,PILOT,5FNYF6H63MB003883,AWD TRG 7P,YF6H6MKNW,6,AUTO,BS,GR,46340,42440.21,"$40,946",YF6H6MKNW,YF6H6MKNWBS/GR,YES,44268,42386.5,40505.0,FL,1,NO SALES,41445.75,250,250,-,0,"$40,946",1250.0,0.0,0.0,,
HM210013,162,2021,PILOT,5FNYF6H93MB004834,AWD TRG,YF6H9MKNW,6,AUTO,GX,GR,46040,42166.58,"$39,992",YF6H9MKNW,YF6H9MKNWGX/GR,YES,43981,42111.5,40242.0,L,-1,NO SALES,40242.0,250,0,-,0,"$39,992",1250.0,0.0,0.0,,
HM201407,154,2020,FIT,3HGGK5H85LM715679,EX,GK5H8LJW,4,AUTO,RE,BK,20015,19500.28,"$17,249",GK5H8LJW,GK5H8LJWRE/BK,YES,19644,19071.5,18499.0,L_Less_1000,-4,300.00,17499,250,0,-,0,"$17,249",500.0,0.0,0.0,,
HM201588,146,2020,CIVIC,2HGFC2F64LH570741,4D LX,FC2F6LEW,4,AUTO,GY,BK,21755,20286.64,"$18,163",FC2F6LEW,FC2F6LEWGY/BK,YES,21014,20213.5,19413.0,L_Less_1000,-11,180.00,18413,250,0,-,0,"$18,163",500.0,500.0,0.0,,
HM201589,146,2020,CIVIC,2HGFC4B62LH305317,2D LX,FC4B6LEW,4,AUTO,BK,BK,22005,20518.09,"$20,040",FC4B6LEW,FC4B6LEWBK/BK,YES,21504,20694.5,19885.0,FL,0,NO SALES,20289.75,250,0,-,0,"$20,040",500.0,500.0,0.0,,
HM201639,145,2020,ACCORD,1HGCV1F44LA109477,4D EX-T,CV1F4LJW,4,AUTO,WX,BK,29025,26632.68,"$24,873",CV1F4LJW,CV1F4LJWWX/BK,YES,28106,26864.5,25623.0,L_Less_500,-1,NO SALES,25123,250,0,-,0,"$24,873",500.0,0.0,0.0,,
HM201672S,145,2020,HRV,3CZRU6H53LM716854,AWD EX,RU6H5LJW,4,AUTO,BT,BK,26590,25876.96,"$23,278",RU6H5LJW,RU6H5LJWBT/BK,YES,26327,25552.5,24778.0,L_Less_1250,-15,120.00,23528,250,0,-,0,"$23,278",500.0,250.0,0.0,,
HM201653,141,2020,CIVIC,2HGFC2F61LH570874,4D LX,FC2F6LEW,4,AUTO,SI,BK,21755,20286.64,"$18,163",FC2F6LEW,FC2F6LEWSI/BK,YES,21014,20213.5,19413.0,L_Less_1000,-11,90.00,18413,250,0,-,0,"$18,163",500.0,500.0,0.0,,
HM210031,141,2021,ODYSSEY,5FNRL6H20MB001471,LX,RL6H2MEW,6,AUTO,BS,GR,32910,31416.01,"$29,444",RL6H2MEW,RL6H2MEWBS/GR,YES,32175,30934.5,29694.0,L,-1,NO SALES,29694.0,250,0,-,0,"$29,444",0.0,1000.0,0.0,,
HM201696,140,2020,CRV,2HKRW2H83LH667972,AWD EXL-T,RW2H8LJNW,4,AUTO,BV,GR,32770,30822.57,"$29,372",RW2H8LJNW,RW2H8LJNWBV/GR,YES,31931,30776.5,29622.0,L,3,NO SALES,29622.0,250,0,-,0,"$29,372",500.0,500.0,0.0,,
HM201362,138,2020,FIT,3HGGK5H44LM719154,LX,GK5H4LEW,4,AUTO,BK,BK,17945,17494.33,"$15,275",GK5H4LEW,GK5H4LEWBK/BK,YES,17550,17037.5,16525.0,L_Less_1000,-7,240.00,15525,250,0,-,0,"$15,275",500.0,0.0,0.0,,
HM201716,135,2020,CRV,2HKRW2H82LH669275,AWD EXL-T,RW2H8LJNW,4,AUTO,SV,GR,32770,30822.57,"$29,372",RW2H8LJNW,RW2H8LJNWSV/GR,YES,31931,30776.5,29622.0,L,3,120.00,29622.0,250,0,-,0,"$29,372",500.0,500.0,0.0,,
HM210058,132,2021,PILOT,5FNYF6H92MB016411,AWD TRG,YF6H9MKNW,6,AUTO,GY,BK,46040,42166.58,"$39,742",YF6H9MKNW,YF6H9MKNWGY/BK,YES,43981,42111.5,40242.0,L,-1,30.00,40242.0,250,250,-,0,"$39,742",1250.0,0.0,0.0,,
HM201741,128,2020,CRV,5J6RW2H8XLL028817,AWD EXL-T,RW2H8LJNW,4,AUTO,SV,GR,32770,30822.57,"$29,372",RW2H8LJNW,RW2H8LJNWSV/GR,YES,31931,30776.5,29622.0,L,3,120.00,29622.0,250,0,-,0,"$29,372",500.0,500.0,0.0,,
HM201745,127,2020,CIVIC,2HGFC2F60LH574429,4D LX,FC2F6LEW,4,AUTO,GY,BK,21755,20286.64,"$18,163",FC2F6LEW,FC2F6LEWGY/BK,YES,21014,20213.5,19413.0,L_Less_1000,-11,180.00,18413,250,0,-,0,"$18,163",500.0,500.0,0.0,,
HM210050,127,2021,PILOT,5FNYF6H93MB014232,AWD TRG,YF6H9MKNW,6,AUTO,SX,GR,46040,42166.58,"$39,742",YF6H9MKNW,YF6H9MKNWSX/GR,YES,43981,42111.5,40242.0,L,-1,NO SALES,40242.0,250,250,-,0,"$39,742",1250.0,0.0,0.0,,
HM210051,127,2021,ODYSSEY,5FNRL6H54MB005243,EX,RL6H5MEXW,6,AUTO,RX,BE,36705,34293.52,"$32,643",RL6H5MEXW+,RL6H5MEXW+RX/BE,YES,35662,34277.5,32893.0,L,-3,NO SALES,32893.0,250,0,-,0,"$32,643",0.0,1000.0,0.0,,
HM201752,126,2020,HRV,3CZRU6H5XLM733943,AWD EX,RU6H5LJW,4,AUTO,RE,BK,26690,25973.86,"$23,278",RU6H5LJW,RU6H5LJWRE/BK,YES,26327,25552.5,24778.0,L_Less_1250,-15,90.00,23528,250,0,-,0,"$23,278",500.0,250.0,0.0,,
HM201757,126,2020,ACCORD,1HGCV2F57LA028181,4D EXL-2T,CV2F5LJNW,4,AUTO,GV,GR,33525,30737.13,"$28,811",CV2F5LJNW,CV2F5LJNWGV/GR,YES,32432,30996.5,29561.0,L_LESS_500,-2,NO SALES,29061,250,0,-,0,"$28,811",500.0,0.0,0.0,,
HM201528,121,2020,FIT,3HGGK5H42LM721842,LX,GK5H4LEW,4,AUTO,BT,BK,17945,17494.33,"$15,275",GK5H4LEW,GK5H4LEWBT/BK,YES,17550,17037.5,16525.0,L_Less_1000,-7,NO SALES,15525,250,0,-,0,"$15,275",500.0,0.0,0.0,,
HM201534,121,2020,HRV,3CZRU6H51LM730297,AWD EX,RU6H5LJW,4,AUTO,SI,BK,26690,25973.86,"$23,278",RU6H5LJW,RU6H5LJWSI/BK,YES,26327,25552.5,24778.0,L_Less_1250,-15,NO SALES,23528,250,0,-,0,"$23,278",500.0,250.0,0.0,,
HM201569,121,2020,HRV,3CZRU6H51LM730252,AWD EX,RU6H5LJW,4,AUTO,GA,BK,26690,25973.86,"$23,278",RU6H5LJW,RU6H5LJWGA/BK,YES,26327,25552.5,24778.0,L_Less_1250,-15,180.00,23528,250,0,-,0,"$23,278",500.0,250.0,0.0,,
HM201779,121,2020,ACCORD,1HGCV1F46LA125292,4D EX-T,CV1F4LJW,4,AUTO,WX,BK,29025,26632.68,"$24,873",CV1F4LJW,CV1F4LJWWX/BK,YES,28106,26864.5,25623.0,L_Less_500,-1,NO SALES,25123,250,0,-,0,"$24,873",500.0,0.0,0.0,,
HM201596,117,2020,HRV,3CZRU6H58LM731320,AWD EX,RU6H5LJW,4,AUTO,BK,BK,26690,25973.86,"$23,403",RU6H5LJW,RU6H5LJWBK/BK,YES,26327,25552.5,24778.0,L_Less_1250,-15,150.00,23528,125,0,-,0,"$23,403",500.0,250.0,0.0,,
HM201615,117,2020,FIT,3HGGK5H82LM723934,EX,GK5H8LJW,4,AUTO,WX,BK,20015,19500.28,"$17,374",GK5H8LJW,GK5H8LJWWX/BK,YES,19644,19071.5,18499.0,L_Less_1000,-4,NO SALES,17499,125,0,-,0,"$17,374",500.0,0.0,0.0,,
HM201552,111,2020,HRV,3CZRU6H58LM730068,AWD EX,RU6H5LJW,4,AUTO,GA,BK,26690,25973.86,"$23,403",RU6H5LJW,RU6H5LJWGA/BK,YES,26327,25552.5,24778.0,L_Less_1250,-15,180.00,23528,125,0,-,0,"$23,403",500.0,250.0,0.0,,
HM201553,111,2020,HRV,3CZRU6H58LM730118,AWD EX,RU6H5LJW,4,AUTO,GA,BK,26690,25973.86,"$23,403",RU6H5LJW,RU6H5LJWGA/BK,YES,26327,25552.5,24778.0,L_Less_1250,-15,180.00,23528,125,0,-,0,"$23,403",500.0,250.0,0.0,,
HM201554,111,2020,HRV,3CZRU6H53LM730110,AWD EX,RU6H5LJW,4,AUTO,GA,BK,26690,25973.86,"$23,403",RU6H5LJW,RU6H5LJWGA/BK,YES,26327,25552.5,24778.0,L_Less_1250,-15,180.00,23528,125,0,-,0,"$23,403",500.0,250.0,0.0,,
HM201570,111,2020,HRV,3CZRU6H59LM726322,AWD EX,RU6H5LJW,4,AUTO,WY,GR,26690,25973.86,"$23,403",RU6H5LJW,RU6H5LJWWY/GR,YES,26327,25552.5,24778.0,L_Less_1250,-15,NO SALES,23528,125,0,-,0,"$23,403",500.0,250.0,0.0,,
HM201571,111,2020,HRV,3CZRU6H56LM729839,AWD EX,RU6H5LJW,4,AUTO,WY,GR,26690,25973.86,"$23,403",RU6H5LJW,RU6H5LJWWY/GR,YES,26327,25552.5,24778.0,L_Less_1250,-15,NO SALES,23528,125,0,-,0,"$23,403",500.0,250.0,0.0,,
HM201592,111,2020,HRV,3CZRU6H51LM731319,AWD EX,RU6H5LJW,4,AUTO,BK,BK,26690,25973.86,"$23,403",RU6H5LJW,RU6H5LJWBK/BK,YES,26327,25552.5,24778.0,L_Less_1250,-15,150.00,23528,125,0,-,0,"$23,403",500.0,250.0,0.0,,
HM201593,111,2020,HRV,3CZRU6H58LM731303,AWD EX,RU6H5LJW,4,AUTO,BK,BK,26690,25973.86,"$23,403",RU6H5LJW,RU6H5LJWBK/BK,YES,26327,25552.5,24778.0,L_Less_1250,-15,150.00,23528,125,0,-,0,"$23,403",500.0,250.0,0.0,,
HM201595,111,2020,HRV,3CZRU6H5XLM731366,AWD EX,RU6H5LJW,4,AUTO,SI,BK,26690,25973.86,"$23,403",RU6H5LJW,RU6H5LJWSI/BK,YES,26327,25552.5,24778.0,L_Less_1250,-15,NO SALES,23528,125,0,-,0,"$23,403",500.0,250.0,0.0,,
HM201597,111,2020,HRV,3CZRU6H57LM731308,AWD EX,RU6H5LJW,4,AUTO,BK,BK,26690,25973.86,"$23,403",RU6H5LJW,RU6H5LJWBK/BK,YES,26327,25552.5,24778.0,L_Less_1250,-15,150.00,23528,125,0,-,0,"$23,403",500.0,250.0,0.0,,
HM201600,111,2020,HRV,3CZRU6H53LM731323,AWD EX,RU6H5LJW,4,AUTO,BK,BK,26690,25973.86,"$23,403",RU6H5LJW,RU6H5LJWBK/BK,YES,26327,25552.5,24778.0,L_Less_1250,-15,150.00,23528,125,0,-,0,"$23,403",500.0,250.0,0.0,,
HM201602,111,2020,HRV,3CZRU6H54LM731296,AWD EX,RU6H5LJW,4,AUTO,BK,BK,26690,25973.86,"$23,403",RU6H5LJW,RU6H5LJWBK/BK,YES,26327,25552.5,24778.0,L_Less_1250,-15,150.00,23528,125,0,-,0,"$23,403",500.0,250.0,0.0,,
HM201603,111,2020,HRV,3CZRU6H5XLM731318,AWD EX,RU6H5LJW,4,AUTO,BK,BK,26690,25973.86,"$23,403",RU6H5LJW,RU6H5LJWBK/BK,YES,26327,25552.5,24778.0,L_Less_1250,-15,150.00,23528,125,0,-,0,"$23,403",500.0,250.0,0.0,,
HM201614,111,2020,FIT,3HGGK5H46LM724257,LX,GK5H4LEW,4,AUTO,BK,BK,17945,17494.33,"$15,400",GK5H4LEW,GK5H4LEWBK/BK,YES,17550,17037.5,16525.0,L_Less_1000,-7,240.00,15525,125,0,-,0,"$15,400",500.0,0.0,0.0,,
HM201620,111,2020,HRV,3CZRU6H55LM732263,AWD EX,RU6H5LJW,4,AUTO,RE,BK,26690,25973.86,"$23,403",RU6H5LJW,RU6H5LJWRE/BK,YES,26327,25552.5,24778.0,L_Less_1250,-15,90.00,23528,125,0,-,0,"$23,403",500.0,250.0,0.0,,
HM201652,111,2020,FIT,3HGGK5H84LM724664,EX,GK5H8LJW,4,AUTO,GY,BK,20015,19500.28,"$17,374",GK5H8LJW,GK5H8LJWGY/BK,YES,19644,19071.5,18499.0,L_Less_1000,-4,NO SALES,17499,125,0,-,0,"$17,374",500.0,0.0,0.0,,
HM201686,111,2020,HRV,3CZRU6H5XLM732484,AWD EX,RU6H5LJW,4,AUTO,BT,BK,26690,25973.86,"$23,403",RU6H5LJW,RU6H5LJWBT/BK,YES,26327,25552.5,24778.0,L_Less_1250,-15,120.00,23528,125,0,-,0,"$23,403",500.0,250.0,0.0,,
HM201710,111,2020,FIT,3HGGK5H49LM724818,LX,GK5H4LEW,4,AUTO,BT,BK,17945,17494.33,"$15,400",GK5H4LEW,GK5H4LEWBT/BK,YES,17550,17037.5,16525.0,L_Less_1000,-7,NO SALES,15525,125,0,-,0,"$15,400",500.0,0.0,0.0,,
HM201842,111,2020,CIVIC,19XFC1F72LE021424,4D EXL-T,FC1F7LJNW,4,AUTO,BT,BK,26105,24313.87,"$23,378",FC1F7LJNW,FC1F7LJNWBT/BK,YES,25426,24464.5,23503.0,L,-1,NO SALES,23503.0,125,0,-,0,"$23,378",0.0,500.0,0.0,,
HM201846,111,2020,CIVIC,2HGFC2F69LH581895,4D LX,FC2F6LEW,4,AUTO,GY,BK,21755,20286.64,"$18,288",FC2F6LEW,FC2F6LEWGY/BK,YES,21014,20213.5,19413.0,L_Less_1000,-11,180.00,18413,125,0,-,0,"$18,288",500.0,500.0,0.0,,
HM201872,111,2020,ACCORD,1HGCV1F46LA133313,4D EX-T,CV1F4LJW,4,AUTO,BK,BK,29025,26632.68,"$24,998",CV1F4LJW,CV1F4LJWBK/BK,YES,28106,26864.5,25623.0,L_Less_500,-1,60.00,25123,125,0,-,0,"$24,998",500.0,0.0,0.0,,
HM201586,110,2020,FIT,3HGGK5H8XLM722403,EX,GK5H8LJW,4,AUTO,RE,BK,20015,19500.28,"$17,374",GK5H8LJW,GK5H8LJWRE/BK,YES,19644,19071.5,18499.0,L_Less_1000,-4,300.00,17499,125,0,-,0,"$17,374",500.0,0.0,0.0,,
HM201929,105,2020,CIVICH,SHHFK7H30LU225955,LX,FK7H3LEW,4,AUTO,BK,BK,22705,21166.15,"$19,993",FK7H3LEW,FK7H3LEWBK/BK,YES,22039,21203.5,20368.0,L_LESS_250,1,60.00,20118,125,0,-,0,"$19,993",500.0,500.0,0.0,,
HM201903,104,2020,CIVIC,2HGFC2F62LH582807,4D LX,FC2F6LEW,4,AUTO,BI,GR,21755,20286.64,"$18,288",FC2F6LEW,FC2F6LEWBI/GR,YES,21014,20213.5,19413.0,L_Less_1000,-11,240.00,18413,125,0,-,0,"$18,288",500.0,500.0,0.0,,
HM201904,104,2020,CIVIC,2HGFC2F67LH583029,4D LX,FC2F6LEW,4,AUTO,SI,BK,21755,20286.64,"$18,288",FC2F6LEW,FC2F6LEWSI/BK,YES,21014,20213.5,19413.0,L_Less_1000,-11,90.00,18413,125,0,-,0,"$18,288",500.0,500.0,0.0,,
HM201907,100,2020,CIVIC,2HGFC2F67LH583967,4D LX,FC2F6LEW,4,AUTO,BI,GR,21755,20286.64,"$18,288",FC2F6LEW,FC2F6LEWBI/GR,YES,21014,20213.5,19413.0,L_Less_1000,-11,240.00,18413,125,0,-,0,"$18,288",500.0,500.0,0.0,,
HM201908,100,2020,CIVIC,2HGFC2F60LH584426,4D LX,FC2F6LEW,4,AUTO,BT,BK,21755,20286.64,"$18,288",FC2F6LEW,FC2F6LEWBT/BK,YES,21014,20213.5,19413.0,L_Less_1000,-11,NO SALES,18413,125,0,-,0,"$18,288",500.0,500.0,0.0,,
HM210082,100,2021,ODYSSEY,5FNRL6H5XMB012469,EX,RL6H5MEXW,6,AUTO,BY,BN,36705,34293.52,"$32,768",RL6H5MEXW+,RL6H5MEXW+BY/BN,YES,35662,34277.5,32893.0,L,-3,120.00,32893.0,125,0,-,0,"$32,768",0.0,1000.0,0.0,,
HM201964S,100,2020,ACCORD,1HGCV1F16LA117960,4D LX-T,CV1F1LEW,4,AUTO,RX,IV,25225,23166.69,"$21,416",CV1F1LEW,CV1F1LEWRX/IV,YES,24200,23120.5,22041.0,L_Less_500,6,60.00,21541,125,0,-,0,"$21,416",500.0,0.0,0.0,,
HM201927,99,2020,CRV,2HKRW2H88LH681320,AWD EXL-T,RW2H8LJNW,4,AUTO,WY,IV,32770,30822.57,"$29,497",RW2H8LJNW,RW2H8LJNWWY/IV,YES,31931,30776.5,29622.0,L,3,30.00,29622.0,125,0,-,0,"$29,497",500.0,500.0,0.0,,
HM210085,99,2021,ODYSSEY,5FNRL6H78MB013833,EXL,RL6H7MJXW,6,AUTO,GY,BK,39580,36969.57,"$35,288",RL6H7MJXW,RL6H7MJXWGY/BK,YES,38402,36907.5,35413.0,L,0,NO SALES,35413.0,125,0,-,0,"$35,288",0.0,1000.0,0.0,,
HM201762,97,2020,FIT,3HGGK5H60LM726846,SPORT,GK5H6LEW,4,AUTO,OR,BK,19355,18860.7,"$16,813",GK5H6LEW,GK5H6LEWOR/BK,YES,19043,18490.5,17938.0,L_Less_1000,0,NO SALES,16938,125,0,-,0,"$16,813",500.0,0.0,0.0,,
HM201793,97,2020,HRV,3CZRU6H98LM734933,AWD TRG,RU6H9LKNW,4,AUTO,WX,BK,30110,29288.05,"$26,851",RU6H9LKNW,RU6H9LKNWWX/BK,YES,29725,28850.5,27976.0,L_Less_1000,2,NO SALES,26976,125,0,-,0,"$26,851",500.0,250.0,0.0,,
HM201805,97,2020,HRV,3CZRU6H54LM733629,AWD EX,RU6H5LJW,4,AUTO,SX,GR,26690,25973.86,"$23,403",RU6H5LJW,RU6H5LJWSX/GR,YES,26327,25552.5,24778.0,L_Less_1250,-15,NO SALES,23528,125,0,-,0,"$23,403",500.0,250.0,0.0,,
HM201806,97,2020,HRV,3CZRU6H75LM734595,AWD EXL,RU6H7LJNW,4,AUTO,BT,BK,28290,27524.36,"$25,166",RU6H7LJNW,RU6H7LJNWBT/BK,YES,27934,27112.5,26291.0,L_Less_1000,-4,NO SALES,25291,125,0,-,0,"$25,166",500.0,250.0,0.0,,
HM201820,97,2020,HRV,3CZRU6H53LM735341,AWD EX,RU6H5LJW,4,AUTO,RE,BK,26690,25973.86,"$23,403",RU6H5LJW,RU6H5LJWRE/BK,YES,26327,25552.5,24778.0,L_Less_1250,-15,90.00,23528,125,0,-,0,"$23,403",500.0,250.0,0.0,,
HM201830,97,2020,FIT,3HGGK5H49LM727766,LX,GK5H4LEW,4,AUTO,BK,BK,17945,17494.33,"$15,400",GK5H4LEW,GK5H4LEWBK/BK,YES,17550,17037.5,16525.0,L_Less_1000,-7,240.00,15525,125,0,-,0,"$15,400",500.0,0.0,0.0,,
HM201951,97,2020,ACCORD,1HGCV1F39LA139288,4D SPORT-T,CV1F3LEW,4,AUTO,BK,BK,27935,25638.48,"$24,148",CV1F3LEW,CV1F3LEWBK/BK,YES,27162,25967.5,24773.0,L_Less_500,0,120.00,24273,125,0,-,0,"$24,148",500.0,0.0,0.0,,
HM201943,96,2020,CIVIC,2HGFC2F69LH585803,4D LX,FC2F6LEW,4,AUTO,GX,GR,21755,20286.64,"$18,288",FC2F6LEW,FC2F6LEWGX/GR,YES,21014,20213.5,19413.0,L_Less_1000,-11,NO SALES,18413,125,0,-,0,"$18,288",500.0,500.0,0.0,,
HM201942,92,2020,RIDGELINE,5FPYK3F55LB020503,AWD RTL,YK3F5LJNW,6,AUTO,SX,GR,39940,36602.76,"$36,377",YK3F5LJNW,YK3F5LJNWSX/GR,YES,38799,37267.5,35736.0,FL,-5,NO SALES,36501.75,125,0,-,0,"$36,377",0.0,0.0,0.0,,
HM201966,92,2020,CIVIC,2HGFC2F68LH588157,4D LX,FC2F6LEW,4,AUTO,BT,BK,21755,20286.64,"$18,288",FC2F6LEW,FC2F6LEWBT/BK,YES,21014,20213.5,19413.0,L_Less_1000,-11,NO SALES,18413,125,0,-,0,"$18,288",500.0,500.0,0.0,,
HM201973,91,2020,ACCORD,1HGCV2F59LA029395,4D EXL-2T,CV2F5LJNW,4,AUTO,GY,BK,33525,30737.13,"$28,936",CV2F5LJNW,CV2F5LJNWGY/BK,YES,32432,30996.5,29561.0,L_LESS_500,-2,NO SALES,29061,125,0,-,0,"$28,936",500.0,0.0,0.0,,
HM201980,91,2020,CIVIC,2HGFC2F66LH588772,4D LX,FC2F6LEW,4,AUTO,GX,GR,21755,20286.64,"$18,288",FC2F6LEW,FC2F6LEWGX/GR,YES,21014,20213.5,19413.0,L_Less_1000,-11,NO SALES,18413,125,0,-,0,"$18,288",500.0,500.0,0.0,,
HM201800,90,2020,HRV,3CZRU6H5XLM735630,AWD EX,RU6H5LJW,4,AUTO,SX,GR,26690,25973.86,"$23,403",RU6H5LJW,RU6H5LJWSX/GR,YES,26327,25552.5,24778.0,L_Less_1250,-15,NO SALES,23528,125,0,-,0,"$23,403",500.0,250.0,0.0,,
HM201998,90,2020,CIVIC,2HGFC2F69LH579726,4D LX,FC2F6LEW,4,AUTO,BI,GR,21755,20286.64,"$18,288",FC2F6LEW,FC2F6LEWBI/GR,YES,21014,20213.5,19413.0,L_Less_1000,-11,240.00,18413,125,0,-,0,"$18,288",500.0,500.0,0.0,,
HM201999,90,2020,CRV,2HKRW2H58LH684966,AWD EX-T,RW2H5LJW,4,AUTO,SV,GR,30280,28491.68,"$27,293",RW2H5LJW,RW2H5LJWSV/GR,YES,29555,28486.5,27418.0,L,31,45.00,27418.0,125,0,-,0,"$27,293",500.0,500.0,0.0,,
HM210091,90,2021,ODYSSEY,5FNRL6H56MB016051,EX,RL6H5MEXW,6,AUTO,RX,BE,36705,34293.52,"$32,768",RL6H5MEXW+,RL6H5MEXW+RX/BE,YES,35662,34277.5,32893.0,L,-3,NO SALES,32893.0,125,0,-,0,"$32,768",0.0,1000.0,0.0,,
HM202009,89,2020,ACCORD,1HGCV1F39LA141140,4D SPORT-T,CV1F3LEW,4,AUTO,WX,BK,27935,25638.48,"$24,273",CV1F3LEW,CV1F3LEWWX/BK,YES,27162,25967.5,24773.0,L_Less_500,0,40.00,24273,0,0,-,0,"$24,273",500.0,0.0,0.0,,
HM210088,89,2021,ODYSSEY,5FNRL6H78MB009779,EXL,RL6H7MJXW,6,AUTO,BK,BK,39580,36969.57,"$35,413",RL6H7MJXW,RL6H7MJXWBK/BK,YES,38402,36907.5,35413.0,L,0,NO SALES,35413.0,0,0,-,0,"$35,413",0.0,1000.0,0.0,,
HM202015,85,2020,CIVIC,2HGFC2F80LH592415,4D SPORT,FC2F8LEW,4,AUTO,GY,BK,23555,21953.08,"$20,942",FC2F8LEW,FC2F8LEWGY/BK,YES,22925,22058.5,21192.0,L_LESS_250,5,60.00,20942,0,0,-,0,"$20,942",0.0,500.0,0.0,,
HM202016,85,2020,CIVIC,2HGFC2F85LH592832,4D SPORT,FC2F8LEW,4,AUTO,GY,BK,23555,21953.08,"$20,942",FC2F8LEW,FC2F8LEWGY/BK,YES,22925,22058.5,21192.0,L_LESS_250,5,60.00,20942,0,0,-,0,"$20,942",0.0,500.0,0.0,,
HM202017,85,2020,CIVIC,2HGFC2F80LH590910,4D SPORT,FC2F8LEW,4,AUTO,GY,BK,23555,21953.08,"$20,942",FC2F8LEW,FC2F8LEWGY/BK,YES,22925,22058.5,21192.0,L_LESS_250,5,60.00,20942,0,0,-,0,"$20,942",0.0,500.0,0.0,,
HM202018,85,2020,CIVIC,2HGFC2F68LH593360,4D LX,FC2F6LEW,4,AUTO,BK,BK,21755,20286.64,"$18,413",FC2F6LEW,FC2F6LEWBK/BK,YES,21014,20213.5,19413.0,L_Less_1000,-11,30.00,18413,0,0,-,0,"$18,413",500.0,500.0,0.0,,
HM202019,85,2020,CIVIC,2HGFC2F65LH593574,4D LX,FC2F6LEW,4,AUTO,BT,BK,21755,20286.64,"$18,413",FC2F6LEW,FC2F6LEWBT/BK,YES,21014,20213.5,19413.0,L_Less_1000,-11,NO SALES,18413,0,0,-,0,"$18,413",500.0,500.0,0.0,,
HM202024,85,2020,CRV,2HKRW2H88LH681639,AWD EXL-T,RW2H8LJNW,4,AUTO,WX,BK,32770,30822.57,"$29,622",RW2H8LJNW,RW2H8LJNWWX/BK,YES,31931,30776.5,29622.0,L,3,120.00,29622.0,0,0,-,0,"$29,622",500.0,500.0,0.0,,
HM202029,85,2020,CRV,2HKRW2H88LH686419,AWD EXL-T,RW2H8LJNW,4,AUTO,WX,BK,32770,30822.57,"$29,622",RW2H8LJNW,RW2H8LJNWWX/BK,YES,31931,30776.5,29622.0,L,3,120.00,29622.0,0,0,-,0,"$29,622",500.0,500.0,0.0,,
HM202030,85,2020,CRV,2HKRW2H85LH686331,AWD EXL-T,RW2H8LJNW,4,AUTO,WX,BK,32770,30822.57,"$29,622",RW2H8LJNW,RW2H8LJNWWX/BK,YES,31931,30776.5,29622.0,L,3,120.00,29622.0,0,0,-,0,"$29,622",500.0,500.0,0.0,,
HM202034,85,2020,CIVIC,2HGFC2F63LH594237,4D LX,FC2F6LEW,4,AUTO,GY,BK,21755,20286.64,"$18,413",FC2F6LEW,FC2F6LEWGY/BK,YES,21014,20213.5,19413.0,L_Less_1000,-11,180.00,18413,0,0,-,0,"$18,413",500.0,500.0,0.0,,
HM202037,85,2020,CIVIC,2HGFC2F6XLH594428,4D LX,FC2F6LEW,4,AUTO,BK,BK,21755,20286.64,"$18,413",FC2F6LEW,FC2F6LEWBK/BK,YES,21014,20213.5,19413.0,L_Less_1000,-11,30.00,18413,0,0,-,0,"$18,413",500.0,500.0,0.0,,
HM202035,84,2020,CIVIC,2HGFC2F69LH580004,4D LX,FC2F6LEW,4,AUTO,SI,BK,21755,20286.64,"$18,413",FC2F6LEW,FC2F6LEWSI/BK,YES,21014,20213.5,19413.0,L_Less_1000,-11,90.00,18413,0,0,-,0,"$18,413",500.0,500.0,0.0,,
HM202041,84,2020,CRV,2HKRW2H89LH687238,AWD EXL-T,RW2H8LJNW,4,AUTO,WX,BK,32770,30822.57,"$29,622",RW2H8LJNW,RW2H8LJNWWX/BK,YES,31931,30776.5,29622.0,L,3,120.00,29622.0,0,0,-,0,"$29,622",500.0,500.0,0.0,,
HM202046,84,2020,CRV,2HKRW2H81LH685886,AWD EXL-T,RW2H8LJNW,4,AUTO,SI,BK,32770,30822.57,"$29,622",RW2H8LJNW,RW2H8LJNWSI/BK,YES,31931,30776.5,29622.0,L,3,300.00,29622.0,0,0,-,0,"$29,622",500.0,500.0,0.0,,
HM202047,84,2020,CRV,2HKRW2H80LH685927,AWD EXL-T,RW2H8LJNW,4,AUTO,SI,BK,32770,30822.57,"$29,622",RW2H8LJNW,RW2H8LJNWSI/BK,YES,31931,30776.5,29622.0,L,3,300.00,29622.0,0,0,-,0,"$29,622",500.0,500.0,0.0,,
HM202004,83,2020,CIVIC,19XFC1F33LE022742,4D EX-T,FC1F3LJW,4,AUTO,GX,GR,24905,23202.91,"$22,401",FC1F3LJW,FC1F3LJWGX/GR,YES,24234,23317.5,22401.0,L,3,NO SALES,22401.0,0,0,-,0,"$22,401",0.0,500.0,0.0,,
HM202051,83,2020,CRV,2HKRW2H5XLH687576,AWD EX-T,RW2H5LJW,4,AUTO,WY,IV,30280,28491.68,"$27,418",RW2H5LJW,RW2H5LJWWY/IV,YES,29555,28486.5,27418.0,L,31,60.00,27418.0,0,0,-,0,"$27,418",500.0,500.0,0.0,,
HM202054,83,2020,CRV,2HKRW2H8XLH687815,AWD EXL-T,RW2H8LJNW,4,AUTO,GY,BK,32770,30822.57,"$29,622",RW2H8LJNW,RW2H8LJNWGY/BK,YES,31931,30776.5,29622.0,L,3,60.00,29622.0,0,0,-,0,"$29,622",500.0,500.0,0.0,,
HM202056,83,2020,CIVIC,2HGFC2F61LH596150,4D LX,FC2F6LEW,4,AUTO,BT,BK,21755,20286.64,"$18,413",FC2F6LEW,FC2F6LEWBT/BK,YES,21014,20213.5,19413.0,L_Less_1000,-11,NO SALES,18413,0,0,-,0,"$18,413",500.0,500.0,0.0,,
HM202064,83,2020,CRV,2HKRW2H50LH675016,AWD EX-T,RW2H5LJW,4,AUTO,GV,GR,30280,28491.68,"$27,418",RW2H5LJW,RW2H5LJWGV/GR,YES,29555,28486.5,27418.0,L,31,30.00,27418.0,0,0,-,0,"$27,418",500.0,500.0,0.0,,
HM202067,83,2020,CRV,2HKRW2H81LH685208,AWD EXL-T,RW2H8LJNW,4,AUTO,SV,GR,32770,30822.57,"$29,622",RW2H8LJNW,RW2H8LJNWSV/GR,YES,31931,30776.5,29622.0,L,3,120.00,29622.0,0,0,-,0,"$29,622",500.0,500.0,0.0,,
HM202068,83,2020,CRV,2HKRW2H82LH685198,AWD EXL-T,RW2H8LJNW,4,AUTO,SV,GR,32770,30822.57,"$29,622",RW2H8LJNW,RW2H8LJNWSV/GR,YES,31931,30776.5,29622.0,L,3,120.00,29622.0,0,0,-,0,"$29,622",500.0,500.0,0.0,,
HM202069,83,2020,CRV,2HKRW2H87LH685200,AWD EXL-T,RW2H8LJNW,4,AUTO,SV,GR,32770,30822.57,"$29,622",RW2H8LJNW,RW2H8LJNWSV/GR,YES,31931,30776.5,29622.0,L,3,120.00,29622.0,0,0,-,0,"$29,622",500.0,500.0,0.0,,
HM202071,83,2020,CRV,2HKRW2H81LH688030,AWD EXL-T,RW2H8LJNW,4,AUTO,WX,BK,32770,30822.57,"$29,622",RW2H8LJNW,RW2H8LJNWWX/BK,YES,31931,30776.5,29622.0,L,3,120.00,29622.0,0,0,-,0,"$29,622",500.0,500.0,0.0,,
HM202057,82,2020,CIVIC,2HGFC2F67LH597142,4D LX,FC2F6LEW,4,AUTO,SI,BK,21755,20286.64,"$18,413",FC2F6LEW,FC2F6LEWSI/BK,YES,21014,20213.5,19413.0,L_Less_1000,-11,90.00,18413,0,0,-,0,"$18,413",500.0,500.0,0.0,,
HM202062,82,2020,ACCORD,1HGCV1F18LA150247,4D LX-T,CV1F1LEW,4,AUTO,WY,IV,25225,23166.69,"$21,541",CV1F1LEW,CV1F1LEWWY/IV,YES,24200,23120.5,22041.0,L_Less_500,6,NO SALES,21541,0,0,-,0,"$21,541",500.0,0.0,0.0,,
HM202070,82,2020,CRV,2HKRW2H84LH688460,AWD EXL-T,RW2H8LJNW,4,AUTO,SI,BK,32770,30822.57,"$29,622",RW2H8LJNW,RW2H8LJNWSI/BK,YES,31931,30776.5,29622.0,L,3,300.00,29622.0,0,0,-,0,"$29,622",500.0,500.0,0.0,,
HM202077,82,2020,ACCORD,1HGCV1F35LA148778,4D SPORT-T,CV1F3LEW,4,AUTO,GY,BK,27935,25638.48,"$24,273",CV1F3LEW,CV1F3LEWGY/BK,YES,27162,25967.5,24773.0,L_Less_500,0,NO SALES,24273,0,0,-,0,"$24,273",500.0,0.0,0.0,,
HM202078,82,2020,ACCORD,1HGCV1F35LA148845,4D SPORT-T,CV1F3LEW,4,AUTO,GY,BK,27935,25638.48,"$24,273",CV1F3LEW,CV1F3LEWGY/BK,YES,27162,25967.5,24773.0,L_Less_500,0,NO SALES,24273,0,0,-,0,"$24,273",500.0,0.0,0.0,,
HM202080,82,2020,ACCORD,1HGCV1F37LA148541,4D SPORT-T,CV1F3LEW,4,AUTO,SI,BK,27935,25638.48,"$24,273",CV1F3LEW,CV1F3LEWSI/BK,YES,27162,25967.5,24773.0,L_Less_500,0,60.00,24273,0,0,-,0,"$24,273",500.0,0.0,0.0,,
HM201858,78,2020,FIT,3HGGK5H47LM727734,LX,GK5H4LEW,4,AUTO,SI,BK,17945,17494.33,"$15,525",GK5H4LEW,GK5H4LEWSI/BK,YES,17550,17037.5,16525.0,L_Less_1000,-7,20.00,15525,0,0,-,0,"$15,525",500.0,0.0,0.0,,
HM201865,78,2020,HRV,3CZRU6H53LM736750,AWD EX,RU6H5LJW,4,AUTO,GA,BK,26690,25973.86,"$23,528",RU6H5LJW,RU6H5LJWGA/BK,YES,26327,25552.5,24778.0,L_Less_1250,-15,180.00,23528,0,0,-,0,"$23,528",500.0,250.0,0.0,,
HM201866,78,2020,HRV,3CZRU6H5XLM737295,AWD EX,RU6H5LJW,4,AUTO,SI,BK,26690,25973.86,"$23,528",RU6H5LJW,RU6H5LJWSI/BK,YES,26327,25552.5,24778.0,L_Less_1250,-15,NO SALES,23528,0,0,-,0,"$23,528",500.0,250.0,0.0,,
HM201867,78,2020,HRV,3CZRU6H51LM737279,AWD EX,RU6H5LJW,4,AUTO,SI,BK,26690,25973.86,"$23,528",RU6H5LJW,RU6H5LJWSI/BK,YES,26327,25552.5,24778.0,L_Less_1250,-15,NO SALES,23528,0,0,-,0,"$23,528",500.0,250.0,0.0,,
HM201868,78,2020,HRV,3CZRU6H55LM736930,AWD EX,RU6H5LJW,4,AUTO,BT,BK,26690,25973.86,"$23,528",RU6H5LJW,RU6H5LJWBT/BK,YES,26327,25552.5,24778.0,L_Less_1250,-15,120.00,23528,0,0,-,0,"$23,528",500.0,250.0,0.0,,
HM201879,78,2020,HRV,3CZRU6H50LM738116,AWD EX,RU6H5LJW,4,AUTO,BK,BK,26690,25973.86,"$23,528",RU6H5LJW,RU6H5LJWBK/BK,YES,26327,25552.5,24778.0,L_Less_1250,-15,150.00,23528,0,0,-,0,"$23,528",500.0,250.0,0.0,,
HM201880,78,2020,HRV,3CZRU6H52LM738134,AWD EX,RU6H5LJW,4,AUTO,BK,BK,26690,25973.86,"$23,528",RU6H5LJW,RU6H5LJWBK/BK,YES,26327,25552.5,24778.0,L_Less_1250,-15,150.00,23528,0,0,-,0,"$23,528",500.0,250.0,0.0,,
HM201881,78,2020,HRV,3CZRU6H77LM736008,AWD EXL,RU6H7LJNW,4,AUTO,SI,BK,28290,27524.36,"$25,291",RU6H7LJNW,RU6H7LJNWSI/BK,YES,27934,27112.5,26291.0,L_Less_1000,-4,60.00,25291,0,0,-,0,"$25,291",500.0,250.0,0.0,,
HM201889,78,2020,HRV,3CZRU6H55LM737172,AWD EX,RU6H5LJW,4,AUTO,BK,BK,26690,25973.86,"$23,528",RU6H5LJW,RU6H5LJWBK/BK,YES,26327,25552.5,24778.0,L_Less_1250,-15,150.00,23528,0,0,-,0,"$23,528",500.0,250.0,0.0,,
HM202086,78,2020,ACCORD,1HGCV1F17LA150451,4D LX-T,CV1F1LEW,4,AUTO,BP,GR,25225,23166.69,"$21,541",CV1F1LEW,CV1F1LEWBP/GR,YES,24200,23120.5,22041.0,L_Less_500,6,60.00,21541,0,0,-,0,"$21,541",500.0,0.0,0.0,,
HM210101,78,2021,PILOT,5FNYF6H91MB025245,AWD TRG,YF6H9MKNW,6,AUTO,SX,GR,46040,42166.58,"$40,242",YF6H9MKNW,YF6H9MKNWSX/GR,YES,43981,42111.5,40242.0,L,-1,NO SALES,40242.0,0,0,-,0,"$40,242",1250.0,0.0,0.0,,
HM202063,76,2020,ACCORD,1HGCV1F42LA150285,4D EX-T,CV1F4LJW,4,AUTO,WY,IV,29025,26632.68,"$25,123",CV1F4LJW,CV1F4LJWWY/IV,YES,28106,26864.5,25623.0,L_Less_500,-1,60.00,25123,0,0,-,0,"$25,123",500.0,0.0,0.0,,
HM202082,76,2020,CRV,2HKRW2H83LH689311,AWD EXL-T,RW2H8LJNW,4,AUTO,WY,IV,32770,30822.57,"$29,622",RW2H8LJNW,RW2H8LJNWWY/IV,YES,31931,30776.5,29622.0,L,3,30.00,29622.0,0,0,-,0,"$29,622",500.0,500.0,0.0,,
HM202083,76,2020,CRV,2HKRW2H84LH686319,AWD EXL-T,RW2H8LJNW,4,AUTO,WX,BK,32770,30822.57,"$29,622",RW2H8LJNW,RW2H8LJNWWX/BK,YES,31931,30776.5,29622.0,L,3,120.00,29622.0,0,0,-,0,"$29,622",500.0,500.0,0.0,,
HM202091,76,2020,CIVIC,2HGFC2F84LH598105,4D SPORT,FC2F8LEW,4,AUTO,BT,BK,23555,21953.08,"$20,942",FC2F8LEW,FC2F8LEWBT/BK,YES,22925,22058.5,21192.0,L_LESS_250,5,30.00,20942,0,0,-,0,"$20,942",0.0,500.0,0.0,,
HM202097,76,2020,CIVIC,2HGFC2F88LH597510,4D SPORT,FC2F8LEW,4,AUTO,GY,BK,23555,21953.08,"$20,942",FC2F8LEW,FC2F8LEWGY/BK,YES,22925,22058.5,21192.0,L_LESS_250,5,60.00,20942,0,0,-,0,"$20,942",0.0,500.0,0.0,,
HM202100,76,2020,CIVIC,2HGFC2F68LH600422,4D LX,FC2F6LEW,4,AUTO,WY,IV,21755,20286.64,"$18,413",FC2F6LEW,FC2F6LEWWY/IV,YES,21014,20213.5,19413.0,L_Less_1000,-11,120.00,18413,0,0,-,0,"$18,413",500.0,500.0,0.0,,
HM202101,76,2020,CIVIC,2HGFC2F63LH600425,4D LX,FC2F6LEW,4,AUTO,WY,IV,21755,20286.64,"$18,413",FC2F6LEW,FC2F6LEWWY/IV,YES,21014,20213.5,19413.0,L_Less_1000,-11,120.00,18413,0,0,-,0,"$18,413",500.0,500.0,0.0,,
HM202103,76,2020,CIVIC,2HGFC2F82LH600210,4D SPORT,FC2F8LEW,4,AUTO,GY,BK,23555,21953.08,"$20,942",FC2F8LEW,FC2F8LEWGY/BK,YES,22925,22058.5,21192.0,L_LESS_250,5,60.00,20942,0,0,-,0,"$20,942",0.0,500.0,0.0,,
HM201832,75,2020,HRV,3CZRU6H59LM736770,AWD EX,RU6H5LJW,4,AUTO,SI,BK,26690,25973.86,"$23,528",RU6H5LJW,RU6H5LJWSI/BK,YES,26327,25552.5,24778.0,L_Less_1250,-15,NO SALES,23528,0,0,-,0,"$23,528",500.0,250.0,0.0,,
HM202106,75,2020,CRV,2HKRW2H86LH688136,AWD EXL-T,RW2H8LJNW,4,AUTO,SV,GR,32770,30822.57,"$29,622",RW2H8LJNW,RW2H8LJNWSV/GR,YES,31931,30776.5,29622.0,L,3,120.00,29622.0,0,0,-,0,"$29,622",500.0,500.0,0.0,,
HM201857,72,2020,RIDGELINE,5FPYK3F53LB019205,AWD RTL,YK3F5LJNW,6,AUTO,GY,GR,39940,36602.76,"$36,502",YK3F5LJNW,YK3F5LJNWGX/GR,YES,38799,37267.5,35736.0,FL,-5,60.00,36501.75,0,0,-,0,"$36,502",0.0,0.0,0.0,,
HM202110,71,2020,ACCORD,1HGCV1F36LA157232,4D SPORT-T,CV1F3LEW,4,AUTO,WX,BK,27935,25638.48,"$24,273",CV1F3LEW,CV1F3LEWWX/BK,YES,27162,25967.5,24773.0,L_Less_500,0,40.00,24273,0,0,-,0,"$24,273",500.0,0.0,0.0,,
HM202112,71,2020,ACCORD,1HGCV1F32LA156532,4D SPORT-T,CV1F3LEW,4,AUTO,BK,BK,27935,25638.48,"$24,273",CV1F3LEW,CV1F3LEWBK/BK,YES,27162,25967.5,24773.0,L_Less_500,0,120.00,24273,0,0,-,0,"$24,273",500.0,0.0,0.0,,
HM202118,71,2020,CIVIC,2HGFC2F61LH602383,4D LX,FC2F6LEW,4,AUTO,BT,BK,21755,20286.64,"$18,413",FC2F6LEW,FC2F6LEWBT/BK,YES,21014,20213.5,19413.0,L_Less_1000,-11,NO SALES,18413,0,0,-,0,"$18,413",500.0,500.0,0.0,,
HM202119,71,2020,CIVIC,2HGFC2F61LH600617,4D LX,FC2F6LEW,4,AUTO,BI,GR,21755,20286.64,"$18,413",FC2F6LEW,FC2F6LEWBI/GR,YES,21014,20213.5,19413.0,L_Less_1000,-11,240.00,18413,0,0,-,0,"$18,413",500.0,500.0,0.0,,
HM210115,71,2021,ODYSSEY,5FNRL6H77MB020353,EXL,RL6H7MJXW,6,AUTO,BY,BN,39975,37337.24,"$35,766",RL6H7MJXW+,RL6H7MJXW+BY/BN,YES,38785,37275.5,35766.0,L,-3,60.00,35766.0,0,0,-,0,"$35,766",0.0,1000.0,0.0,,
HM202121,69,2020,CRV,2HKRW2H82LH688988,AWD EXL-T,RW2H8LJNW,4,AUTO,SI,BK,32770,30822.57,"$29,622",RW2H8LJNW,RW2H8LJNWSI/BK,YES,31931,30776.5,29622.0,L,3,300.00,29622.0,0,0,-,0,"$29,622",500.0,500.0,0.0,,
HM202134,69,2020,CRV,2HKRW2H52LH694313,AWD EX-T,RW2H5LJW,4,AUTO,SV,GR,30280,28491.68,"$27,418",RW2H5LJW,RW2H5LJWSV/GR,YES,29555,28486.5,27418.0,L,31,45.00,27418.0,0,0,-,0,"$27,418",500.0,500.0,0.0,,
HM210148,69,2021,ACCORD,1HGCV1F18MA001922,4D LX-T,CV1F1MEW,4,AUTO,WY,IV,26120,24941.88,"$24,442",CV1F1MEW+,CV1F1MEW+WY/IV,NO,26120,25531,24942.0,L_Less_500,-5,NO SALES,24442,0,0,-,0,"$24,442",0.0,500.0,0.0,,
HM210149,69,2021,ACCORD,1HGCV1F58MA001261,4D EXL-T,CV1F5MJNW,4,AUTO,BK,BK,32045,30104.69,"$29,605",CV1F5MJNW,CV1F5MJNWBK/BK,NO,32045,31075,30105.0,L_LESS_500,1,30.00,29605,0,0,-,0,"$29,605",0.0,500.0,0.0,,
HM210150,69,2021,ACCORD,1HGCV1F5XMA001620,4D EXL-T,CV1F5MJNW,4,AUTO,WY,IV,32440,30474.39,"$29,474",CV1F5MJNW+,CV1F5MJNW+WY/IV,NO,32440,31457,30474.0,L_Less_1000,-2,NO SALES,29474,0,0,-,0,"$29,474",0.0,500.0,0.0,,
HM202095,68,2020,RIDGELINE,5FPYK3F52LB023830,AWD RTL,YK3F5LJNW,6,AUTO,SX,GR,39940,36602.76,"$36,502",YK3F5LJNW,YK3F5LJNWSX/GR,YES,38799,37267.5,35736.0,FL,-5,NO SALES,36501.75,0,0,-,0,"$36,502",0.0,0.0,0.0,,
HM202133,68,2020,CRV,2HKRW2H55LH689414,AWD EX-T,RW2H5LJW,4,AUTO,WY,IV,30280,28491.68,"$27,418",RW2H5LJW,RW2H5LJWWY/IV,YES,29555,28486.5,27418.0,L,31,60.00,27418.0,0,0,-,0,"$27,418",500.0,500.0,0.0,,
HM202143,68,2020,CRV,2HKRW2H52LH694683,AWD EX-T,RW2H5LJW,4,AUTO,SV,GR,30280,28491.68,"$27,418",RW2H5LJW,RW2H5LJWSV/GR,YES,29555,28486.5,27418.0,L,31,45.00,27418.0,0,0,-,0,"$27,418",500.0,500.0,0.0,,
HM210156,68,2021,ACCORD,1HGCV1F16MA000591,4D LX-T,CV1F1MEW,4,AUTO,RN,IV,26120,24941.88,"$24,442",CV1F1MEW+,CV1F1MEW+RN/IV,NO,26120,25531,24942.0,L_Less_500,-5,NO SALES,24442,0,0,-,0,"$24,442",0.0,500.0,0.0,,
HM210159,68,2021,CIVIC,2HGFC2F81MH501668,4D SPORT,FC2F8MEW,4,AUTO,GY,BK,23805,22627.81,"$22,628",FC2F8MEW,FC2F8MEWGY/BK,NO,23805,23216.5,22628.0,L,-3,NO SALES,22628.0,0,0,-,0,"$22,628",0.0,500.0,0.0,,
HM210170,68,2021,CIVICH,SHHFK7H39MU201901,LX,FK7H3MEW,4,AUTO,WX,BK,23350,22310.57,"$22,311",FK7H3MEW+,FK7H3MEW+WX/BK,NO,23350,22830.5,22311.0,L,-1,NO SALES,22311.0,0,0,-,0,"$22,311",0.0,500.0,0.0,,
HM202152,64,2020,CRV,2HKRW2H59LH692994,AWD EX-T,RW2H5LJW,4,AUTO,WY,IV,30280,28491.68,"$27,418",RW2H5LJW,RW2H5LJWWY/IV,YES,29555,28486.5,27418.0,L,31,60.00,27418.0,0,0,-,0,"$27,418",500.0,500.0,0.0,,
HM202162,63,2020,CRV,2HKRW2H87LH676349,AWD EXL-T,RW2H8LJNW,4,AUTO,SI,BK,32770,30822.57,"$29,622",RW2H8LJNW,RW2H8LJNWSI/BK,YES,31931,30776.5,29622.0,L,3,300.00,29622.0,0,0,-,0,"$29,622",500.0,500.0,0.0,,
HM210140,63,2021,PASSPORT,5FNYF8H0XMB003306,AWD ELITE,YF8H0MKNW,6,AUTO,SI,BK,45100,41428.09,"$41,956",YF8H0MKNW,YF8H0MKNWSI/BK,YES,43541,41955.5,40370.0,F,0,NO SALES,41955.5,0,0,-,0,"$41,956",0.0,500.0,0.0,,
HM201986,61,2020,HRV,3CZRU6H53LM736540,AWD EX,RU6H5LJW,4,AUTO,GA,BK,26690,25973.86,"$23,528",RU6H5LJW,RU6H5LJWGA/BK,YES,26327,25552.5,24778.0,L_Less_1250,-15,180.00,23528,0,0,-,0,"$23,528",500.0,250.0,0.0,,
HM201987,61,2020,HRV,3CZRU6H54LM738426,AWD EX,RU6H5LJW,4,AUTO,BT,BK,26690,25973.86,"$23,528",RU6H5LJW,RU6H5LJWBT/BK,YES,26327,25552.5,24778.0,L_Less_1250,-15,120.00,23528,0,0,-,0,"$23,528",500.0,250.0,0.0,,
HM201988,61,2020,HRV,3CZRU6H51LM738819,AWD EX,RU6H5LJW,4,AUTO,WX,BK,26690,25973.86,"$23,528",RU6H5LJW,RU6H5LJWWX/BK,YES,26327,25552.5,24778.0,L_Less_1250,-15,15.00,23528,0,0,-,0,"$23,528",500.0,250.0,0.0,,
HM201990,61,2020,HRV,3CZRU6H77LM739197,AWD EXL,RU6H7LJNW,4,AUTO,WY,GR,28290,27524.36,"$25,291",RU6H7LJNW,RU6H7LJNWWY/GR,YES,27934,27112.5,26291.0,L_Less_1000,-4,NO SALES,25291,0,0,-,0,"$25,291",500.0,250.0,0.0,,
HM202044,61,2020,FIT,3HGGK5H85LM730540,EX,GK5H8LJW,4,AUTO,RE,BK,20015,19500.28,"$17,499",GK5H8LJW,GK5H8LJWRE/BK,YES,19644,19071.5,18499.0,L_Less_1000,-4,300.00,17499,0,0,-,0,"$17,499",500.0,0.0,0.0,,
HM202137,61,2020,CRVHYB,7FART6H94LE023263,HYBRID TRG,RT6H9LKNW,4,AUTO,WX,BK,37170,34941.41,"$34,425",RT6H9LKNW,RT6H9LKNWWX/BK,YES,36634,35529.5,34425.0,L,1,NO SALES,34425.0,0,0,-,0,"$34,425",500.0,0.0,0.0,,
HM202147,61,2020,CRVHYB,7FART6H80LE024191,HYBRID EXL,RT6H8LJNW,4,AUTO,SV,GR,33970,31945.89,"$31,553",RT6H8LJNW,RT6H8LJNWSV/GR,YES,33572,32562.5,31553.0,L,-1,NO SALES,31553.0,0,0,-,0,"$31,553",500.0,0.0,0.0,,
HM210139,61,2021,PASSPORT,5FNYF8H03MB003311,AWD ELITE,YF8H0MKNW,6,AUTO,SI,BK,45100,41428.09,"$41,956",YF8H0MKNW,YF8H0MKNWSI/BK,YES,43541,41955.5,40370.0,F,0,NO SALES,41955.5,0,0,-,0,"$41,956",0.0,500.0,0.0,,
HM210175,61,2021,ACCORD,1HGCV1F3XMA006492,4D SPORT-T,CV1F3MEW,4,AUTO,SI,BK,28185,26491.92,"$25,992",CV1F3MEW,CV1F3MEWSI/BK,NO,28185,27338.5,26492.0,L_LESS_500,-4,NO SALES,25992,0,0,-,0,"$25,992",0.0,500.0,0.0,,
HM201989,57,2020,HRV,3CZRU6H75LM738954,AWD EXL,RU6H7LJNW,4,AUTO,WX,BK,28290,27524.36,"$25,291",RU6H7LJNW,RU6H7LJNWWX/BK,YES,27934,27112.5,26291.0,L_Less_1000,-4,NO SALES,25291,0,0,-,0,"$25,291",500.0,250.0,0.0,,
HM201991,57,2020,HRV,3CZRU6H73LM738967,AWD EXL,RU6H7LJNW,4,AUTO,WX,BK,28290,27524.36,"$25,291",RU6H7LJNW,RU6H7LJNWWX/BK,YES,27934,27112.5,26291.0,L_Less_1000,-4,NO SALES,25291,0,0,-,0,"$25,291",500.0,250.0,0.0,,
HM202073,57,2020,FIT,3HGGK5H80LM731160,EX,GK5H8LJW,4,AUTO,OR,BK,20015,19500.28,"$17,499",GK5H8LJW,GK5H8LJWOR/BK,YES,19644,19071.5,18499.0,L_Less_1000,-4,60.00,17499,0,0,-,0,"$17,499",500.0,0.0,0.0,,
HM202128,57,2020,CIVIC,19XFC1F34LE025214,4D EX-T,FC1F3LJW,4,AUTO,WX,BK,24905,23202.91,"$22,401",FC1F3LJW,FC1F3LJWWX/BK,YES,24234,23317.5,22401.0,L,3,60.00,22401.0,0,0,-,0,"$22,401",0.0,500.0,0.0,,
HM202159,57,2020,CRV,2HKRW2H52LH696871,AWD EX-T,RW2H5LJW,4,AUTO,SI,BK,30280,28491.68,"$27,418",RW2H5LJW,RW2H5LJWSI/BK,YES,29555,28486.5,27418.0,L,31,17.14,27418.0,0,0,-,0,"$27,418",500.0,500.0,0.0,,
HM202165,57,2020,CRV,2HKRW2H57LH696400,AWD EX-T,RW2H5LJW,4,AUTO,GV,GR,30280,28491.68,"$27,418",RW2H5LJW,RW2H5LJWGV/GR,YES,29555,28486.5,27418.0,L,31,30.00,27418.0,0,0,-,0,"$27,418",500.0,500.0,0.0,,
HM202172,57,2020,CRV,2HKRW2H5XLH698643,AWD EX-T,RW2H5LJW,4,AUTO,GV,GR,30280,28491.68,"$27,418",RW2H5LJW,RW2H5LJWGV/GR,YES,29555,28486.5,27418.0,L,31,30.00,27418.0,0,0,-,0,"$27,418",500.0,500.0,0.0,,
HM210152,57,2021,PILOT,5FNYF6H51MB030961,AWD EXL,YF6H5MJNW,6,AUTO,GX,GR,41480,38007.4,"$36,348",YF6H5MJNW,YF6H5MJNWGX/GR,YES,39717,38032.5,36348.0,L,1,NO SALES,36348.0,0,0,-,0,"$36,348",1250.0,0.0,0.0,,
HM210176,57,2021,ACCORD HYBRID,1HGCV3F47MA000492,HYBRID EX,CV3F4MJW,4,AUTO,GY,BK,31275,29384,"$29,857",CV3F4MJW,CV3F4MJWGY/BK,NO,31275,30329.5,29384.0,FL,-2,NO SALES,29856.75,0,0,-,0,"$29,857",0.0,500.0,500.0,,
HM210182,57,2021,ACCORD,1HGCV1F10MA004846,4D LX-T,CV1F1MEW,4,AUTO,WX,BK,26120,24941.88,"$24,442",CV1F1MEW+,CV1F1MEW+WX/BK,NO,26120,25531,24942.0,L_Less_500,-5,NO SALES,24442,0,0,-,0,"$24,442",0.0,500.0,0.0,,
HM210183,57,2021,ACCORD,1HGCV1F44MA005542,4D SPORT SE-T,CV1F4MENW,4,AUTO,BK,BK,29675,27886.48,"$27,386",CV1F4MENW,CV1F4MENWBK/BK,NO,29675,28780.5,27886.0,L_Less_500,-2,NO SALES,27386,0,0,-,0,"$27,386",0.0,500.0,0.0,,
HM210185,57,2021,ACCORD,1HGCV1F1XMA008208,4D LX-T,CV1F1MEW,4,AUTO,BK,BK,25725,24572.18,"$24,572",CV1F1MEW,CV1F1MEWBK/BK,NO,25725,25148.5,24572.0,L,-2,NO SALES,24572.0,0,0,-,0,"$24,572",0.0,500.0,0.0,,
HM210186,57,2021,ACCORD,1HGCV1F39MA007911,4D SPORT-T,CV1F3MEW,4,AUTO,WX,BK,28580,26861.62,"$26,112",CV1F3MEW+,CV1F3MEW+WX/BK,NO,28580,27721,26862.0,l_Less_750,-8,NO SALES,26112,0,0,-,0,"$26,112",0.0,500.0,0.0,,
HM210187,57,2021,ACCORD,1HGCV1F31MA003920,4D SPORT-T,CV1F3MEW,4,AUTO,BM,BK,28580,26861.62,"$26,112",CV1F3MEW+,CV1F3MEW+BM/BK,NO,28580,27721,26862.0,l_Less_750,-8,NO SALES,26112,0,0,-,0,"$26,112",0.0,500.0,0.0,,
HM210190,57,2021,ACCORD,1HGCV1F46MA008507,4D SPORT SE-T,CV1F4MENW,4,AUTO,BK,BK,29675,27886.48,"$27,386",CV1F4MENW,CV1F4MENWBK/BK,NO,29675,28780.5,27886.0,L_Less_500,-2,NO SALES,27386,0,0,-,0,"$27,386",0.0,500.0,0.0,,
HM210239,56,2021,CIVICH,SHHFK7H67MU203995,EX,FK7H6MJW,4,AUTO,WX,BK,25850,24562.9,"$24,313",FK7H6MJW+,FK7H6MJW+WX/BK,NO,25850,25206.5,24563.0,L_LESS_250,-2,NO SALES,24313,0,0,-,0,"$24,313",0.0,500.0,0.0,,
HM202169,55,2020,CRVHYB,7FART6H82LE024919,HYBRID EXL,RT6H8LJNW,4,AUTO,GY,BK,33970,31945.89,"$31,553",RT6H8LJNW,RT6H8LJNWGY/BK,YES,33572,32562.5,31553.0,L,-1,NO SALES,31553.0,0,0,-,0,"$31,553",500.0,0.0,0.0,,
HM202176,55,2020,CRV,2HKRW2H5XLH699484,AWD EX-T,RW2H5LJW,4,AUTO,SI,BK,30280,28491.68,"$27,418",RW2H5LJW,RW2H5LJWSI/BK,YES,29555,28486.5,27418.0,L,31,17.14,27418.0,0,0,-,0,"$27,418",500.0,500.0,0.0,,
HM210196,55,2021,CIVIC,2HGFC2F64MH505440,4D LX,FC2F6MEW,4,AUTO,WY,IV,22400,21406.74,"$21,407",FC2F6MEW+,FC2F6MEW+WY/IV,NO,22400,21903.5,21407.0,L,-7,NO SALES,21407.0,0,0,-,0,"$21,407",0.0,500.0,0.0,,
HM210197,55,2021,CIVIC,2HGFC2F68MH505425,4D LX,FC2F6MEW,4,AUTO,WX,BK,22400,21406.74,"$21,407",FC2F6MEW+,FC2F6MEW+WX/BK,NO,22400,21903.5,21407.0,L,-7,NO SALES,21407.0,0,0,-,0,"$21,407",0.0,500.0,0.0,,
HM210203,55,2021,CIVIC,2HGFC2F84MH504497,4D SPORT,FC2F8MEW,4,AUTO,WX,BK,24200,23001.58,"$22,752",FC2F8MEW+,FC2F8MEW+WX/BK,NO,24200,23601,23002.0,L_LESS_250,-5,NO SALES,22752,0,0,-,0,"$22,752",0.0,500.0,0.0,,
HM210218,55,2021,ACCORD,1HGCV1F3XMA009263,4D SPORT-T,CV1F3MEW,4,AUTO,WX,BK,28580,26861.62,"$26,112",CV1F3MEW+,CV1F3MEW+WX/BK,NO,28580,27721,26862.0,l_Less_750,-8,NO SALES,26112,0,0,-,0,"$26,112",0.0,500.0,0.0,,
HM202190S,54,2020,CRV,2HKRW2H24LH653039,AWD LX-T,RW2H2LEW,4,AUTO,WY,IV,27670,25248.21,"$24,885",RW2H2LEW,RW2H2LEWWY/IV,YES,26834,25859.5,24885.0,L,3,NO SALES,24885.0,0,0,-,0,"$24,885",500.0,500.0,0.0,,
HM202180,51,2020,CRV,2HKRW2H88LH700707,AWD EXL-T,RW2H8LJNW,4,AUTO,WX,BK,32770,30822.57,"$29,622",RW2H8LJNW,RW2H8LJNWWX/BK,YES,31931,30776.5,29622.0,L,3,120.00,29622.0,0,0,-,0,"$29,622",500.0,500.0,0.0,,
HM202185,51,2020,CRV,2HKRW2H81LH700502,AWD EXL-T,RW2H8LJNW,4,AUTO,SV,GR,32770,30822.57,"$29,622",RW2H8LJNW,RW2H8LJNWSV/GR,YES,31931,30776.5,29622.0,L,3,120.00,29622.0,0,0,-,0,"$29,622",500.0,500.0,0.0,,
HM202186,51,2020,CRV,2HKRW2H83LH700484,AWD EXL-T,RW2H8LJNW,4,AUTO,SV,GR,32770,30822.57,"$29,622",RW2H8LJNW,RW2H8LJNWSV/GR,YES,31931,30776.5,29622.0,L,3,120.00,29622.0,0,0,-,0,"$29,622",500.0,500.0,0.0,,
HM202187,51,2020,CRV,2HKRW2H87LH700634,AWD EXL-T,RW2H8LJNW,4,AUTO,WX,BK,32770,30822.57,"$29,622",RW2H8LJNW,RW2H8LJNWWX/BK,YES,31931,30776.5,29622.0,L,3,120.00,29622.0,0,0,-,0,"$29,622",500.0,500.0,0.0,,
HM210215,51,2021,CIVIC,19XFC1F38ME001094,4D EX-T,FC1F3MJW,4,AUTO,GY,BK,25155,23905.25,"$23,905",FC1F3MJW,FC1F3MJWGY/BK,NO,25155,24530,23905.0,L,-2,NO SALES,23905.0,0,0,-,0,"$23,905",0.0,500.0,0.0,,
HM210216,51,2021,CIVIC,19XFC1F36ME000848,4D EX-T,FC1F3MJW,4,AUTO,BI,GR,25550,24279.02,"$24,029",FC1F3MJW+,FC1F3MJW+BI/GR,NO,25550,24914.5,24279.0,L_LESS_250,-5,NO SALES,24029,0,0,-,0,"$24,029",0.0,500.0,0.0,,
HM210217,51,2021,CIVIC,19XFC1F38ME000205,4D EX-T,FC1F3MJW,4,AUTO,WX,BK,25550,24279.02,"$24,029",FC1F3MJW+,FC1F3MJW+WX/BK,NO,25550,24914.5,24279.0,L_LESS_250,-5,NO SALES,24029,0,0,-,0,"$24,029",0.0,500.0,0.0,,
HM210238,51,2021,CIVIC,2HGFC2F65MH509237,4D LX,FC2F6MEW,4,AUTO,WX,BK,22400,21406.74,"$21,407",FC2F6MEW+,FC2F6MEW+WX/BK,NO,22400,21903.5,21407.0,L,-7,NO SALES,21407.0,0,0,-,0,"$21,407",0.0,500.0,0.0,,
HM202192S,51,2020,CIVIC,19XFC1F30LE022889,4D EX-T,FC1F3LJW,4,AUTO,BI,GR,24905,22364.66,"$22,401",FC1F3LJW,FC1F3LJWBI/GR,YES,24234,23317.5,22401.0,L,3,NO SALES,22401.0,0,0,-,0,"$22,401",0.0,500.0,0.0,,
HM202148,50,2020,RIDGELINE,5FPYK3F14LB025379,AWD SPORT,YK3F1LEW,6,AUTO,WX,BK,37260,34158.33,"$34,183",YK3F1LEW,YK3F1LEWWX/BK,YES,36324,34896.5,33469.0,FL,0,240.00,34182.75,0,0,-,0,"$34,183",0.0,0.0,0.0,,
HM210163,50,2021,PASSPORT,5FNYF8H51MB004050,AWD EXL,YF8H5MJNW,6,AUTO,SI,BK,39730,37109.19,"$37,445",YF8H5MJNW,YF8H5MJNWSI/BK,YES,38841,37444.5,36048.0,F,1,NO SALES,37444.5,0,0,-,0,"$37,445",0.0,500.0,0.0,,
HM210198,50,2021,CIVICH,SHHFK7H46MU201525,SPORT,FK7H4MEW,4,AUTO,BK,BK,24855,23621.38,"$23,621",FK7H4MEW,FK7H4MEWBK/BK,NO,24855,24238,23621.0,L,-6,300.00,23621.0,0,0,-,0,"$23,621",0.0,500.0,0.0,,
HM210201,50,2021,CIVICH,SHHFK7H48MU202353,SPORT,FK7H4MEW,4,AUTO,SI,BK,24855,23621.38,"$23,621",FK7H4MEW,FK7H4MEWSI/BK,NO,24855,24238,23621.0,L,-6,NO SALES,23621.0,0,0,-,0,"$23,621",0.0,500.0,0.0,,
HM210204,50,2021,CIVICH,SHHFK7H61MU202552,EX,FK7H6MJW,4,AUTO,SI,BK,25455,24189.13,"$24,189",FK7H6MJW,FK7H6MJWSI/BK,NO,25455,24822,24189.0,L,-4,60.00,24189.0,0,0,-,0,"$24,189",0.0,500.0,0.0,,
HM202183,49,2020,CRVHYB,7FART6H51LE026084,HYBRID EX,RT6H5LJW,4,AUTO,SV,GR,31480,29615,"$29,213",RT6H5LJW,RT6H5LJWSV/GR,YES,31088,30150.5,29213.0,L,1,60.00,29213.0,0,0,-,0,"$29,213",500.0,0.0,0.0,,
HM210202,49,2021,CIVICH,SHHFK7H4XMU202774,SPORT,FK7H4MEW,4,AUTO,BK,BK,24855,23621.38,"$23,621",FK7H4MEW,FK7H4MEWBK/BK,NO,24855,24238,23621.0,L,-6,300.00,23621.0,0,0,-,0,"$23,621",0.0,500.0,0.0,,
HM210223,49,2021,ODYSSEY,5FNRL6H71MB026956,EXL,RL6H7MJXW,6,AUTO,WY,BE,39975,37337.24,"$35,766",RL6H7MJXW+,RL6H7MJXW+WY/BE,YES,38785,37275.5,35766.0,L,-3,NO SALES,35766.0,0,0,-,0,"$35,766",0.0,1000.0,0.0,,
HM210241,49,2021,CIVIC,2HGFC2F63MH509012,4D LX,FC2F6MEW,4,AUTO,BT,BK,22005,21032.97,"$21,276",FC2F6MEW,FC2F6MEWBT/BK,NO,22005,21519,21033.0,FL,-4,NO SALES,21276,0,0,-,0,"$21,276",0.0,500.0,0.0,,
HM210243,49,2021,CIVIC,2HGFC2F68MH510589,4D LX,FC2F6MEW,4,AUTO,WX,BK,22400,21406.74,"$21,407",FC2F6MEW+,FC2F6MEW+WX/BK,NO,22400,21903.5,21407.0,L,-7,NO SALES,21407.0,0,0,-,0,"$21,407",0.0,500.0,0.0,,
HM210245,49,2021,ACCORD HYBRID,1HGCV3F18MA001401,HYBRID,CV3F1MEW,4,AUTO,RN,IV,27720,26464.12,"$26,464",CV3F1MEW+,CV3F1MEW+RN/IV,NO,27720,27092,26464.0,L,-1,NO SALES,26464.0,0,0,-,0,"$26,464",0.0,500.0,500.0,,
HM210110,48,2021,HRV,3CZRU6H97MM700984,AWD TRG,RU6H9MKNW,4,AUTO,GY,BK,30260,28294.51,"$28,295",RU6H9MKNW,RU6H9MKNWGY/BK,NO,30260,29277.5,28295.0,L,-1,NO SALES,28295.0,0,0,-,0,"$28,295",0.0,750.0,0.0,,
HM210124,48,2021,HRV,3CZRU6H57MM701789,AWD EX,RU6H5MJW,4,AUTO,WX,BK,27235,25882.32,"$25,063",RU6H5MJW+,RU6H5MJW+WX/BK,YES,26698,25880.5,25063.0,L,-3,NO SALES,25063.0,0,0,-,0,"$25,063",0.0,750.0,0.0,,
HM210126,48,2021,HRV,3CZRU6H78MM703388,AWD EXL,RU6H7MJNW,4,AUTO,BK,BT,28440,27022.55,"$26,657",RU6H7MJNW,RU6H7MJNWBT/BK,YES,28362,27509.5,26657.0,L,-5,NO SALES,26657.0,0,0,-,0,"$26,657",0.0,750.0,0.0,,
HM210127,48,2021,HRV,3CZRU6H74MM700553,AWD EXL,RU6H7MJNW,4,AUTO,WX,BK,28835,27396.32,"$27,027",RU6H7MJNW+,RU6H7MJNW+WX/BK,YES,28756,27891.5,27027.0,L,-4,NO SALES,27027.0,0,0,-,0,"$27,027",0.0,750.0,0.0,,
HM210131,48,2021,HRV,3CZRU6H52MM704406,AWD EX,RU6H5MJW,4,AUTO,BK,BK,26840,25508.55,"$24,700",RU6H5MJW,RU6H5MJWBK/BK,YES,26311,25505.5,24700.0,L,-4,NO SALES,24700.0,0,0,-,0,"$24,700",0.0,750.0,0.0,,
HM210134,48,2021,HRV,3CZRU6H57MM704434,AWD EX,RU6H5MJW,4,AUTO,BK,BK,26840,25508.55,"$24,700",RU6H5MJW,RU6H5MJWBK/BK,YES,26311,25505.5,24700.0,L,-4,NO SALES,24700.0,0,0,-,0,"$24,700",0.0,750.0,0.0,,
HM210137,48,2021,HRV,3CZRU6H77MM704323,AWD EXL,RU6H7LJNW,4,AUTO,WY,GR,28835,27396.32,"$27,027",RU6H7MJNW+,RU6H7MJNW+WY/GR,YES,28756,27891.5,27027.0,L,-4,NO SALES,27027.0,0,0,-,0,"$27,027",0.0,750.0,0.0,,
HM210141,48,2021,HRV,3CZRU6H59MM705164,AWD EX,RU6H5MJW,4,AUTO,BK,BK,26840,25508.55,"$24,700",RU6H5MJW,RU6H5MJWBK/BK,YES,26311,25505.5,24700.0,L,-4,NO SALES,24700.0,0,0,-,0,"$24,700",0.0,750.0,0.0,,
HM210142,48,2021,HRV,3CZRU6H57MM705177,AWD EX,RU6H5MJW,4,AUTO,BK,BK,26840,25508.55,"$24,700",RU6H5MJW,RU6H5MJWBK/BK,YES,26311,25505.5,24700.0,L,-4,NO SALES,24700.0,0,0,-,0,"$24,700",0.0,750.0,0.0,,
HM210144,48,2021,HRV,3CZRU6H71MM704446,AWD EXL,RU6H7MJNW,4,AUTO,WY,GR,28835,27396.32,"$27,027",RU6H7MJNW+,RU6H7MJNW+WY/GR,YES,28756,27891.5,27027.0,L,-4,NO SALES,27027.0,0,0,-,0,"$27,027",0.0,750.0,0.0,,
HM210155,48,2021,HRV,3CZRU6H53MM705208,AWD EX,RU6H5MJW,4,AUTO,SI,BK,26840,25508.55,"$24,700",RU6H5MJW,RU6H5MJWSI/BK,YES,26311,25505.5,24700.0,L,-4,60.00,24700.0,0,0,-,0,"$24,700",0.0,750.0,0.0,,
HM202188,47,2020,CRVHYB,7FART6H8XLE026241,HYBRID EXL,RT6H8LJNW,4,AUTO,BK,BK,33970,31945.89,"$31,553",RT6H8LJNW,RT6H8LJNWBK/BK,YES,33572,32562.5,31553.0,L,-1,NO SALES,31553.0,0,0,-,0,"$31,553",500.0,0.0,0.0,,
HM210151,47,2021,PILOT,5FNYF6H30MB031002,AWD EX,YF6H3MEXW,6,AUTO,SX,GR,38050,34878.89,"$34,830",YF6H3MEXW,YF6H3MEXWSX/GR,YES,36372,34829.5,33287.0,F,0,180.00,34829.5,0,0,-,0,"$34,830",1250.0,0.0,0.0,,
HM210157,47,2021,ODYSSEY,5FNRL6H73MB023847,EXL,RL6H7MJXW,6,AUTO,RX,BE,39975,37337.24,"$35,766",RL6H7MJXW+,RL6H7MJXW+RX/BE,YES,38785,37275.5,35766.0,L,-3,NO SALES,35766.0,0,0,-,0,"$35,766",0.0,1000.0,0.0,,
HM210161,47,2021,ODYSSEY,5FNRL6H51MB024042,EX,RL6H5MEXW,6,AUTO,SV,BN,36310,33925.85,"$32,539",RL6H5MEXW,RL6H5MEXWSV/BN,YES,35278,33908.5,32539.0,L,-5,NO SALES,32539.0,0,0,-,0,"$32,539",0.0,1000.0,0.0,,
HM210166,47,2021,PILOT,5FNYF6H35MB032467,AWD EX,YF6H3MEXW,6,AUTO,SX,GR,38050,34878.89,"$34,830",YF6H3MEXW,YF6H3MEXWSX/GR,YES,36372,34829.5,33287.0,F,0,180.00,34829.5,0,0,-,0,"$34,830",1250.0,0.0,0.0,,
HM210168,47,2021,PILOT,5FNYF6H52MB032525,AWD EXL,YF6H5MJNW,6,AUTO,GX,GR,41480,38007.4,"$36,348",YF6H5MJNW,YF6H5MJNWGX/GR,YES,39717,38032.5,36348.0,L,1,NO SALES,36348.0,0,0,-,0,"$36,348",1250.0,0.0,0.0,,
HM210248,47,2021,CRV,2HKRW2H89MH601203,AWD EXL-T,RW2H8MJNW,4,AUTO,GY,BK,33070,31074.6,"$31,075",RW2H8MJNW,RW2H8MJNWGY/BK,NO,33070,32072.5,31075.0,L,-11,300.00,31075.0,0,0,-,0,"$31,075",0.0,500.0,0.0,,
HM210181,44,2021,PASSPORT,5FNYF8H09MB004706,AWD ELITE,YF8H0MKNW,6,AUTO,WX,BK,45495,41795.76,"$42,323",YF8H0MKNW+,YF8H0MKNW+WX/BK,YES,43922,42322.5,40723.0,F,-2,NO SALES,42322.5,0,0,-,0,"$42,323",0.0,500.0,0.0,,
HM210195,44,2021,PILOT,5FNYF6H55MB034060,AWD EXL,YF6H5MJNW,6,AUTO,GX,GR,41480,38007.4,"$36,348",YF6H5MJNW,YF6H5MJNWGX/GR,YES,39717,38032.5,36348.0,L,1,NO SALES,36348.0,0,0,-,0,"$36,348",1250.0,0.0,0.0,,
HM210242,44,2021,PASSPORT,5FNYF8H02MB005597,AWD ELITE,YF8H0MKNW,6,AUTO,BR,BK,45495,41795.76,"$42,073",YF8H0MKNW+,YF8H0MKNW+BR/BK,YES,43922,42322.5,40723.0,F,-2,NO SALES,42322.5,0,250,-,0,"$42,073",0.0,500.0,0.0,,
HM210244,44,2021,PASSPORT,5FNYF8H57MB005834,AWD EXL,YF8H5MJNW,6,AUTO,GX,GR,39730,37109.19,"$37,445",YF8H5MJNW,YF8H5MJNWGX/GR,YES,38841,37444.5,36048.0,F,1,60.00,37444.5,0,0,-,0,"$37,445",0.0,500.0,0.0,,
HM210255,44,2021,CIVIC,2HGFC2F82MH511934,4D SPORT,FC2F8MEW,4,AUTO,WX,BK,24200,23001.58,"$22,752",FC2F8MEW+,FC2F8MEW+WX/BK,NO,24200,23601,23002.0,L_LESS_250,-5,NO SALES,22752,0,0,-,0,"$22,752",0.0,500.0,0.0,,
HM210260,44,2021,ACCORD,1HGCV1F37MA014713,4D SPORT-T,CV1F3MEW,4,AUTO,BM,BK,28580,26861.62,"$26,112",CV1F3MEW+,CV1F3MEW+BM/BK,NO,28580,27721,26862.0,l_Less_750,-8,NO SALES,26112,0,0,-,0,"$26,112",0.0,500.0,0.0,,
HM210261,44,2021,CRV,2HKRW2H52MH602540,AWD EX-T,RW2H5MJW,4,AUTO,GY,BK,30480,28650.49,"$28,650",RW2H5MJW,RW2H5MJWGY/BK,NO,30480,29565,28650.0,L,-14,600.00,28650.0,0,0,-,0,"$28,650",0.0,500.0,0.0,,
HM210262,44,2021,CRV,2HKRW2H5XMH602785,AWD EX-T,RW2H5MJW,4,AUTO,WY,IV,30875,29020.19,"$29,020",RW2H5MJW+,RW2H5MJW+WY/IV,NO,30875,29947.5,29020.0,L,-18,60.00,29020.0,0,0,-,0,"$29,020",0.0,500.0,0.0,,
HM210275,44,2021,CRV,2HKRW2H87MH602642,AWD EXL-T,RW2H8MJNW,4,AUTO,WY,IV,33465,31444.3,"$31,444",RW2H8MJNW+,RW2H8MJNW+WY/IV,NO,33465,32454.5,31444.0,L,-11,NO SALES,31444.0,0,0,-,0,"$31,444",0.0,500.0,0.0,,
HM202089,42,2020,FIT,3HGGK5H49LM731946,LX,GK5H4LEW,4,AUTO,WX,BK,17945,17494.33,"$15,525",GK5H4LEW,GK5H4LEWWX/BK,YES,17550,17037.5,16525.0,L_Less_1000,-7,NO SALES,15525,0,0,-,0,"$15,525",500.0,0.0,0.0,,
HM210236,42,2021,PASSPORT,5FNYF8H25MB005434,AWD SPORT,YF8H2MEW,6,AUTO,WX,BK,36105,33735.04,"$33,390",YF8H2MEW+,YF8H2MEW+WX/BK,YES,35294,34024.5,32755.0,FL,-1,NO SALES,33389.75,0,0,-,0,"$33,390",0.0,500.0,0.0,,
HM210237,42,2021,PASSPORT,5FNYF8H0XMB005539,AWD ELITE,YF8H0MKNW,6,AUTO,BK,BK,45100,41428.09,"$41,706",YF8H0MKNW,YF8H0MKNWBK/BK,YES,43541,41955.5,40370.0,F,0,30.00,41955.5,0,250,-,0,"$41,706",0.0,500.0,0.0,,
HM210253,42,2021,PILOT,5FNYF6H51MB036565,AWD EXL,YF6H5MJNW,6,AUTO,WY,BE,41875,38367.68,"$36,444",YF6H5MJNW+,YF6H5MJNW+WY/BE,YES,40095,38394.5,36694.0,L_LESS_250,-4,360.00,36444,0,0,-,0,"$36,444",1250.0,0.0,0.0,,
HM210254,42,2021,PILOT,5FNYF6H51MB036579,AWD EXL,YF6H5MJNW,6,AUTO,WY,BE,41875,38367.68,"$36,444",YF6H5MJNW+,YF6H5MJNW+WY/BE,YES,40095,38394.5,36694.0,L_LESS_250,-4,360.00,36444,0,0,-,0,"$36,444",1250.0,0.0,0.0,,
HM210272,42,2021,ACCORD,1HGCV1F30MA015900,4D SPORT-T,CV1F3MEW,4,AUTO,WX,BK,28580,26861.62,"$26,112",CV1F3MEW+,CV1F3MEW+WX/BK,NO,28580,27721,26862.0,l_Less_750,-8,NO SALES,26112,0,0,-,0,"$26,112",0.0,500.0,0.0,,
HM210273,42,2021,CRV,2HKRW2H55MH603617,AWD EX-T,RW2H5MJW,4,AUTO,GA,BK,30875,29020.19,"$29,020",RW2H5MJW+,RW2H5MJW+GA/BK,NO,30875,29947.5,29020.0,L,-18,NO SALES,29020.0,0,0,-,0,"$29,020",0.0,500.0,0.0,,
HM210274,42,2021,CRV,2HKRW2H88MH603038,AWD EXL-T,RW2H8MJNW,4,AUTO,GY,BK,33070,31074.6,"$31,075",RW2H8MJNW,RW2H8MJNWGY/BK,NO,33070,32072.5,31075.0,L,-11,300.00,31075.0,0,0,-,0,"$31,075",0.0,500.0,0.0,,
HM210276,42,2021,CRV,2HKRW2H98MH602903,AWD TRG-T,RW2H9MKNW,4,AUTO,GX,GR,36270,33526.58,"$33,527",RW2H9MKNW,RW2H9MKNWGX/GR,NO,36270,34898.5,33527.0,L,-8,NO SALES,33527.0,0,0,-,0,"$33,527",0.0,500.0,0.0,,
HM210277,42,2021,CRVHYB,7FART6H91ME000900,HYBRID TRG,RT6H9MKNW,4,AUTO,GY,BK,37470,34631.18,"$36,051",RT6H9MKNW,RT6H9MKNWGY/BK,NO,37470,36050.5,34631.0,F,-4,NO SALES,36050.5,0,0,-,0,"$36,051",0.0,500.0,0.0,,
HM210279,42,2021,CRV,2HKRW2H53MH604152,AWD EX-T,RW2H5MJW,4,AUTO,GY,BK,30480,28650.49,"$28,650",RW2H5MJW,RW2H5MJWGY/BK,NO,30480,29565,28650.0,L,-14,600.00,28650.0,0,0,-,0,"$28,650",0.0,500.0,0.0,,
HM210285,42,2021,CRV,2HKRW2H57MH604168,AWD EX-T,RW2H5MJW,4,AUTO,GY,BK,30480,28650.49,"$28,650",RW2H5MJW,RW2H5MJWGY/BK,NO,30480,29565,28650.0,L,-14,600.00,28650.0,0,0,-,0,"$28,650",0.0,500.0,0.0,,
HM210287,42,2021,CRV,2HKRW2H85MH604647,AWD EXL-T,RW2H8MJNW,4,AUTO,SX,GR,33070,31074.6,"$31,075",RW2H8MJNW,RW2H8MJNWSX/GR,NO,33070,32072.5,31075.0,L,-11,NO SALES,31075.0,0,0,-,0,"$31,075",0.0,500.0,0.0,,
HM210288,42,2021,ACCORD,1HGCV2F38MA004603,4D SPORT-2T,CV2F3MJW,4,AUTO,RF,BK,32865,30872.16,"$30,622",CV2F3MJW,CV2F3MJWRF/BK,NO,32865,31868.5,30872.0,L_LESS_250,-1,NO SALES,30622,0,0,-,0,"$30,622",0.0,500.0,0.0,,
HM210252,41,2021,PILOT,5FNYF6H54MB036589,AWD EXL,YF6H5MJNW,6,AUTO,WY,BE,41875,38367.68,"$36,444",YF6H5MJNW+,YF6H5MJNW+WY/BE,YES,40095,38394.5,36694.0,L_LESS_250,-4,360.00,36444,0,0,-,0,"$36,444",1250.0,0.0,0.0,,
HM210118,40,2021,HRV,3CZRU6H78MM702936,AWD EXL,RU6H7LJNW,4,AUTO,GY,BK,28440,27022.55,"$26,657",RU6H7MJNW,RU6H7MJNWGY/BK,YES,28362,27509.5,26657.0,L,-5,NO SALES,26657.0,0,0,-,0,"$26,657",0.0,750.0,0.0,,
HM210122,40,2021,HRV,3CZRU6H17MM703247,AWD SPORT,RU6H1MEW,4,AUTO,BK,BK,25590,24325.74,"$24,061",RU6H1MEW,RU6H1MEWBK/BK,YES,25596,24828.5,24061.0,L,-4,NO SALES,24061.0,0,0,-,0,"$24,061",0.0,750.0,0.0,,
HM210132,40,2021,HRV,3CZRU6H72MM704472,AWD EXL,RU6H7MJNW,4,AUTO,BK,BK,28440,27022.55,"$26,657",RU6H7MJNW,RU6H7MJNWBK/BK,YES,28362,27509.5,26657.0,L,-5,120.00,26657.0,0,0,-,0,"$26,657",0.0,750.0,0.0,,
HM210133,40,2021,HRV,3CZRU6H56MM703968,AWD EX,RU6H5MJW,4,AUTO,GY,BK,26840,25508.55,"$24,700",RU6H5MJW,RU6H5MJWGY/BK,YES,26311,25505.5,24700.0,L,-4,120.00,24700.0,0,0,-,0,"$24,700",0.0,750.0,0.0,,
HM210135,40,2021,HRV,3CZRU6H51MM704994,AWD EX,RU6H5MJW,4,AUTO,WY,GR,27235,25882.32,"$25,063",RU6H5MJW+,RU6H5MJW+WY/GR,YES,26698,25880.5,25063.0,L,-3,NO SALES,25063.0,0,0,-,0,"$25,063",0.0,750.0,0.0,,
HM210286,37,2021,CRV,7FARW2H50ME001176,AWD EX-T,RW2H5MJW,4,AUTO,GY,BK,30480,28650.49,"$28,650",RW2H5MJW,RW2H5MJWGY/BK,NO,30480,29565,28650.0,L,-14,600.00,28650.0,0,0,-,0,"$28,650",0.0,500.0,0.0,,
HM210292,37,2021,PASSPORT,5FNYF8H50MB006565,AWD EXL,YF8H5MJNW,6,AUTO,RX,GR,40125,37476.86,"$37,111",YF8H5MJNW+,YF8H5MJNW+RX/GR,YES,39227,37816.5,36406.0,FL,3,60.00,37111.25,0,0,-,0,"$37,111",0.0,500.0,0.0,,
HM210294,37,2021,CIVIC,2HGFC2F60MH515639,4D LX,FC2F6MEW,4,AUTO,WX,BK,22400,21406.74,"$21,407",FC2F6MEW+,FC2F6MEW+WX/BK,NO,22400,21903.5,21407.0,L,-7,NO SALES,21407.0,0,0,-,0,"$21,407",0.0,500.0,0.0,,
HM210295,37,2021,CIVIC,2HGFC2F60MH515804,4D LX,FC2F6MEW,4,AUTO,WY,IV,22400,21406.74,"$21,407",FC2F6MEW+,FC2F6MEW+WY/IV,NO,22400,21903.5,21407.0,L,-7,NO SALES,21407.0,0,0,-,0,"$21,407",0.0,500.0,0.0,,
HM210296,37,2021,ACCORD,1HGCV1F34MA017214,4D SPORT-T,CV1F3MEW,4,AUTO,RF,BK,28185,26491.92,"$25,992",CV1F3MEW,CV1F3MEWRF/BK,NO,28185,27338.5,26492.0,L_LESS_500,-4,NO SALES,25992,0,0,-,0,"$25,992",0.0,500.0,0.0,,
HM210297,37,2021,ACCORD,1HGCV1F39MA016740,4D SPORT-T,CV1F3MEW,4,AUTO,WX,BK,28580,26861.62,"$26,112",CV1F3MEW+,CV1F3MEW+WX/BK,NO,28580,27721,26862.0,l_Less_750,-8,NO SALES,26112,0,0,-,0,"$26,112",0.0,500.0,0.0,,
HM210298,37,2021,CRV,2HKRW2H83MH605294,AWD EXL-T,RW2H8MJNW,4,AUTO,BK,BK,33070,31074.6,"$31,075",RW2H8MJNW,RW2H8MJNWBK/BK,NO,33070,32072.5,31075.0,L,-11,NO SALES,31075.0,0,0,-,0,"$31,075",0.0,500.0,0.0,,
HM210299,37,2021,CIVIC,2HGFC2F87MH517065,4D SPORT,FC2F8MEW,4,AUTO,WX,BK,24200,23001.58,"$22,752",FC2F8MEW+,FC2F8MEW+WX/BK,NO,24200,23601,23002.0,L_LESS_250,-5,NO SALES,22752,0,0,-,0,"$22,752",0.0,500.0,0.0,,
HM210300,37,2021,CRV,2HKRW2H9XMH605835,AWD TRG-T,RW2H9MKNW,4,AUTO,GX,GR,36270,33526.58,"$33,527",RW2H9MKNW,RW2H9MKNWGX/GR,NO,36270,34898.5,33527.0,L,-8,NO SALES,33527.0,0,0,-,0,"$33,527",0.0,500.0,0.0,,
HM210305,37,2021,CRV,2HKRW2H53MH606659,AWD EX-T,RW2H5MJW,4,AUTO,WX,BK,30875,29020.19,"$29,020",RW2H5MJW+,RW2H5MJW+WX/BK,NO,30875,29947.5,29020.0,L,-18,NO SALES,29020.0,0,0,-,0,"$29,020",0.0,500.0,0.0,,
HM210302,36,2021,CIVIC,2HGFC2F61MH518131,4D LX,FC2F6MEW,4,AUTO,BT,BK,22005,21032.97,"$21,276",FC2F6MEW,FC2F6MEWBT/BK,NO,22005,21519,21033.0,FL,-4,NO SALES,21276,0,0,-,0,"$21,276",0.0,500.0,0.0,,
HM210303,36,2021,ACCORD,1HGCV1F36MA017876,4D SPORT-T,CV1F3MEW,4,AUTO,BK,BK,28185,26491.92,"$25,992",CV1F3MEW,CV1F3MEWBK/BK,NO,28185,27338.5,26492.0,L_LESS_500,-4,NO SALES,25992,0,0,-,0,"$25,992",0.0,500.0,0.0,,
HM210304,36,2021,ACCORD,1HGCV1F36MA018641,4D SPORT-T,CV1F3MEW,4,AUTO,WX,BK,28580,26861.62,"$26,112",CV1F3MEW+,CV1F3MEW+WX/BK,NO,28580,27721,26862.0,l_Less_750,-8,NO SALES,26112,0,0,-,0,"$26,112",0.0,500.0,0.0,,
HM210306,36,2021,CRV,2HKRW2H80MH606354,AWD EXL-T,RW2H8MJNW,4,AUTO,BK,BK,33070,31074.6,"$31,075",RW2H8MJNW,RW2H8MJNWBK/BK,NO,33070,32072.5,31075.0,L,-11,NO SALES,31075.0,0,0,-,0,"$31,075",0.0,500.0,0.0,,
HM210310,36,2021,CRV,2HKRW2H56MH607076,AWD EX-T,RW2H5MJW,4,AUTO,GY,BK,30480,28650.49,"$28,650",RW2H5MJW,RW2H5MJWGY/BK,NO,30480,29565,28650.0,L,-14,600.00,28650.0,0,0,-,0,"$28,650",0.0,500.0,0.0,,
HM210313,36,2021,CRV,2HKRW2H56MH607532,AWD EX-T,RW2H5MJW,4,AUTO,GA,BK,30875,29020.19,"$29,020",RW2H5MJW+,RW2H5MJW+GA/BK,NO,30875,29947.5,29020.0,L,-18,NO SALES,29020.0,0,0,-,0,"$29,020",0.0,500.0,0.0,,
HM210314,36,2021,CRV,2HKRW2H58MH607533,AWD EX-T,RW2H5MJW,4,AUTO,GA,BK,30875,29020.19,"$29,020",RW2H5MJW+,RW2H5MJW+GA/BK,NO,30875,29947.5,29020.0,L,-18,NO SALES,29020.0,0,0,-,0,"$29,020",0.0,500.0,0.0,,
HM210315,36,2021,CRV,2HKRW2H86MH607024,AWD EXL-T,RW2H8MJNW,4,AUTO,BK,BK,33070,31074.6,"$31,075",RW2H8MJNW,RW2H8MJNWBK/BK,NO,33070,32072.5,31075.0,L,-11,NO SALES,31075.0,0,0,-,0,"$31,075",0.0,500.0,0.0,,
HM210320,36,2021,CIVICH,SHHFK7H48MU205866,SPORT,FK7H4MEW,4,AUTO,RE,BK,24855,23621.38,"$23,621",FK7H4MEW,FK7H4MEWRE/BK,NO,24855,24238,23621.0,L,-6,NO SALES,23621.0,0,0,-,0,"$23,621",0.0,500.0,0.0,,
HM210321,36,2021,CIVICH,SHHFK7H65MU206054,EX,FK7H6MJW,4,AUTO,BK,BK,25455,24189.13,"$24,189",FK7H6MJW,FK7H6MJWBK/BK,NO,25455,24822,24189.0,L,-4,NO SALES,24189.0,0,0,-,0,"$24,189",0.0,500.0,0.0,,
HM210355,29,2021,CIVICH,SHHFK7H6XMU204493,EX,FK7H6MJW,4,AUTO,WX,BK,25850,24562.9,"$24,313",FK7H6MJW+,FK7H6MJW+WX/BK,NO,25850,25206.5,24563.0,L_LESS_250,-2,NO SALES,24313,0,0,-,0,"$24,313",0.0,500.0,0.0,,
HM202195,28,2020,RIDGELINE,5FPYK3F1XLB028139,AWD SPORT,YK3F1LEW,6,AUTO,WX,BK,37260,34158.33,"$34,183",YK3F1LEW,YK3F1LEWWX/BK,YES,36324,34896.5,33469.0,FL,0,240.00,34182.75,0,0,-,0,"$34,183",0.0,0.0,0.0,,
HM202196,28,2020,RIDGELINE,5FPYK3F52LB027974,AWD RTL,YK3F5LJNW,6,AUTO,WY,BE,39940,36602.76,"$36,502",YK3F5LJNW,YK3F5LJNWWY/BE,YES,38799,37267.5,35736.0,FL,-5,NO SALES,36501.75,0,0,-,0,"$36,502",0.0,0.0,0.0,,
HM210291,28,2021,PILOT,5FNYF6H52MB038423,AWD EXL,YF6H5MJNW,6,AUTO,GY,BK,41480,38007.4,"$36,348",YF6H5MJNW,YF6H5MJNWGY/BK,YES,39717,38032.5,36348.0,L,1,60.00,36348.0,0,0,-,0,"$36,348",1250.0,0.0,0.0,,
HM210322,28,2021,CIVIC,19XFC1F30ME002417,4D EX-T,FC1F3MJW,4,AUTO,BI,GR,25550,24279.02,"$24,029",FC1F3MJW+,FC1F3MJW+BI/GR,NO,25550,24914.5,24279.0,L_LESS_250,-5,NO SALES,24029,0,0,-,0,"$24,029",0.0,500.0,0.0,,
HM210324,28,2021,INSIGHT,19XZE4F56ME006885,4D EX,ZE4F5MEW,4,AUTO,RN,IV,26160,24364.79,"$23,769",ZE4F5MEW+,ZE4F5MEW+RN/IV,YES,25225,24254.5,23284.0,FL,-3,NO SALES,23769.25,0,0,-,0,"$23,769",500.0,0.0,500.0,,
HM210334,28,2021,CRVHYB,7FART6H92ME001120,HYBRID TRG,RT6H9MKNW,4,AUTO,BS,GR,37470,34631.18,"$36,051",RT6H9MKNW,RT6H9MKNWBS/GR,NO,37470,36050.5,34631.0,F,-4,NO SALES,36050.5,0,0,-,0,"$36,051",0.0,500.0,0.0,,
HM210335,28,2021,CIVIC,2HGFC2F64MH521539,4D LX,FC2F6MEW,4,AUTO,WY,IV,22400,21406.74,"$21,407",FC2F6MEW+,FC2F6MEW+WY/IV,NO,22400,21903.5,21407.0,L,-7,NO SALES,21407.0,0,0,-,0,"$21,407",0.0,500.0,0.0,,
HM210339,28,2021,CRV,2HKRW2H53MH609562,AWD EX-T,RW2H5MJW,4,AUTO,GY,BK,30480,28650.49,"$28,650",RW2H5MJW,RW2H5MJWGY/BK,NO,30480,29565,28650.0,L,-14,600.00,28650.0,0,0,-,0,"$28,650",0.0,500.0,0.0,,
HM210340,28,2021,CRV,2HKRW2H86MH608514,AWD EXL-T,RW2H8MJNW,4,AUTO,GY,BK,33070,31074.6,"$31,075",RW2H8MJNW,RW2H8MJNWGY/BK,NO,33070,32072.5,31075.0,L,-11,300.00,31075.0,0,0,-,0,"$31,075",0.0,500.0,0.0,,
HM210365,28,2021,ACCORD HYBRID,1HGCV3F13MA002956,HYBRID,CV3F1MEW,4,AUTO,GY,BK,27325,26094.42,"$26,402",CV3F1MEW,CV3F1MEWGY/BK,NO,27325,26709.5,26094.0,FL,-1,NO SALES,26401.75,0,0,-,0,"$26,402",0.0,500.0,500.0,,
HM210372,28,2021,CRV,2HKRW2H53MH609898,AWD EX-T,RW2H5MJW,4,AUTO,GA,BK,30875,29020.19,"$29,020",RW2H5MJW+,RW2H5MJW+GA/BK,NO,30875,29947.5,29020.0,L,-18,NO SALES,29020.0,0,0,-,0,"$29,020",0.0,500.0,0.0,,
HM210373,28,2021,CRV,2HKRW2H5XMH610014,AWD EX-T,RW2H5MJW,4,AUTO,WX,BK,30875,29020.19,"$29,020",RW2H5MJW+,RW2H5MJW+WX/BK,NO,30875,29947.5,29020.0,L,-18,NO SALES,29020.0,0,0,-,0,"$29,020",0.0,500.0,0.0,,
HM210374,28,2021,CRV,2HKRW2H56MH609748,AWD EX-T,RW2H5MJW,4,AUTO,WX,BK,30875,29020.19,"$29,020",RW2H5MJW+,RW2H5MJW+WX/BK,NO,30875,29947.5,29020.0,L,-18,NO SALES,29020.0,0,0,-,0,"$29,020",0.0,500.0,0.0,,
HM210383,28,2021,CRV,2HKRW2H98MH610371,AWD TRG-T,RW2H9MKNW,4,AUTO,GA,BK,36665,33896.28,"$33,896",RW2H9MKNW+,RW2H9MKNW+GA/BK,NO,36665,35280.5,33896.0,L,-3,NO SALES,33896.0,0,0,-,0,"$33,896",0.0,500.0,0.0,,
HM210263,26,2021,ODYSSEY,5FNRL6H55MB029857,EX,RL6H5MEXW,6,AUTO,BS,GR,36310,33925.85,"$32,539",RL6H5MEXW,RL6H5MEXWBS/GR,YES,35278,33908.5,32539.0,L,-5,NO SALES,32539.0,0,0,-,0,"$32,539",0.0,1000.0,0.0,,
HM210264,26,2021,PILOT,5FNYF6H38MB035864,AWD EX,YF6H3MEXW,6,AUTO,SX,GR,38050,34878.89,"$34,830",YF6H3MEXW,YF6H3MEXWSX/GR,YES,36372,34829.5,33287.0,F,0,180.00,34829.5,0,0,-,0,"$34,830",1250.0,0.0,0.0,,
HM210280,26,2021,PASSPORT,5FNYF8H28MB006433,AWD SPORT,YF8H2MEW,6,AUTO,SI,BK,35710,33367.37,"$33,653",YF8H2MEW,YF8H2MEWSI/BK,YES,34908,33652.5,32397.0,F,-1,NO SALES,33652.5,0,0,-,0,"$33,653",0.0,500.0,0.0,,
HM210290,26,2021,ODYSSEY,5FNRL6H71MB032823,EXL,RL6H7MJXW,6,AUTO,WX,BK,39975,37337.24,"$35,766",RL6H7MJXW+,RL6H7MJXW+WX/BK,YES,38785,37275.5,35766.0,L,-3,120.00,35766.0,0,0,-,0,"$35,766",0.0,1000.0,0.0,,
HM210328,26,2021,CRVHYB,7FART6H99ME001146,HYBRID TRG,RT6H9MKNW,4,AUTO,GY,BK,37470,34631.18,"$36,051",RT6H9MKNW,RT6H9MKNWGY/BK,NO,37470,36050.5,34631.0,F,-4,NO SALES,36050.5,0,0,-,0,"$36,051",0.0,500.0,0.0,,
HM210348,26,2021,CIVIC,2HGFC2F81MH522598,4D SPORT,FC2F8MEW,4,AUTO,WX,BK,24200,23001.58,"$22,752",FC2F8MEW+,FC2F8MEW+WX/BK,NO,24200,23601,23002.0,L_LESS_250,-5,NO SALES,22752,0,0,-,0,"$22,752",0.0,500.0,0.0,,
HM210349,26,2021,CIVIC,2HGFC2F88MH522551,4D SPORT,FC2F8MEW,4,AUTO,WX,BK,24200,23001.58,"$22,752",FC2F8MEW+,FC2F8MEW+WX/BK,NO,24200,23601,23002.0,L_LESS_250,-5,NO SALES,22752,0,0,-,0,"$22,752",0.0,500.0,0.0,,
HM210369,26,2021,CRV,2HKRW2H54MH610428,AWD EX-T,RW2H5MJW,4,AUTO,GY,BK,30480,28650.49,"$28,650",RW2H5MJW,RW2H5MJWGY/BK,NO,30480,29565,28650.0,L,-14,600.00,28650.0,0,0,-,0,"$28,650",0.0,500.0,0.0,,
HM202178,23,2020,RIDGELINE,5FPYK3F50LB026726,AWD RTL,YK3F5LJNW,6,AUTO,WY,BE,39940,36602.76,"$36,502",YK3F5LJNW,YK3F5LJNWWY/BE,YES,38799,37267.5,35736.0,FL,-5,NO SALES,36501.75,0,0,-,0,"$36,502",0.0,0.0,0.0,,
HM202197,23,2020,RIDGELINE,5FPYK3F12LB028135,AWD SPORT,YK3F1LEW,6,AUTO,WX,BK,37260,34158.33,"$34,183",YK3F1LEW,YK3F1LEWWX/BK,YES,36324,34896.5,33469.0,FL,0,240.00,34182.75,0,0,-,0,"$34,183",0.0,0.0,0.0,,
HM210283,23,2021,PILOT,5FNYF6H54MB037290,AWD EXL,YF6H5MJNW,6,AUTO,WX,BK,41875,38367.68,"$36,444",YF6H5MJNW+,YF6H5MJNW+WX/BK,YES,40095,38394.5,36694.0,L_LESS_250,-4,120.00,36444,0,0,-,0,"$36,444",1250.0,0.0,0.0,,
HM210307,23,2021,ODYSSEY,5FNRL6H54MB033799,EX,RL6H5MEXW,6,AUTO,BS,GR,36310,33925.85,"$32,539",RL6H5MEXW,RL6H5MEXWBS/GR,YES,35278,33908.5,32539.0,L,-5,NO SALES,32539.0,0,0,-,0,"$32,539",0.0,1000.0,0.0,,
HM210308,23,2021,PILOT,5FNYF6H59MB039472,AWD EXL,YF6H5MJNW,6,AUTO,WY,BE,41875,38367.68,"$36,444",YF6H5MJNW+,YF6H5MJNW+WY/BE,YES,40095,38394.5,36694.0,L_LESS_250,-4,360.00,36444,0,0,-,0,"$36,444",1250.0,0.0,0.0,,
HM210309,23,2021,PILOT,5FNYF6H73MB039601,AWD BLACK ED,YF6H7MKXW,6,AUTO,BK,BK,51040,46727.08,"$46,915",YF6H7MKXW,YF6H7MKXWBK/BK,YES,48988,46914.5,44841.0,F,2,40.00,46914.5,0,0,-,0,"$46,915",1250.0,0.0,0.0,,
HM210318,23,2021,PILOT,5FNYF6H34MB039071,AWD EX,YF6H3MEXW,6,AUTO,WY,BE,38445,35239.17,"$34,412",YF6H3MEXW+,YF6H3MEXW+WY/BE,YES,36751,35191.5,33632.0,FL,4,60.00,34411.75,0,0,-,0,"$34,412",1250.0,0.0,0.0,,
HM210327,23,2021,CRVHYB,7FART6H95ME000012,HYBRID TRG,RT6H9MKNW,4,AUTO,BK,BK,37470,34631.18,"$36,051",RT6H9MKNW,RT6H9MKNWBK/BK,NO,37470,36050.5,34631.0,F,-4,NO SALES,36050.5,0,0,-,0,"$36,051",0.0,500.0,0.0,,
HM210377,23,2021,CRVHYB,7FART6H59ME001872,HYBRID EX,RT6H5MJW,4,AUTO,RN,GR,32075,30143.33,"$31,109",RT6H5MJW+,RT6H5MJW+RN/GR,NO,32075,31109,30143.0,F,-4,NO SALES,31109,0,0,-,0,"$31,109",0.0,500.0,0.0,,
HM202198,22,2020,RIDGELINE,5FPYK3F55LB028469,AWD RTL,YK3F5LJNW,6,AUTO,WX,BK,39940,36602.76,"$36,502",YK3F5LJNW,YK3F5LJNWWX/BK,YES,38799,37267.5,35736.0,FL,-5,60.00,36501.75,0,0,-,0,"$36,502",0.0,0.0,0.0,,
HM210311,22,2021,CRV,2HKRW2H53MH607729,AWD EX-T,RW2H5MJW,4,AUTO,GY,BK,30480,28650.49,"$28,650",RW2H5MJW,RW2H5MJWGY/BK,NO,30480,29565,28650.0,L,-14,600.00,28650.0,0,0,-,0,"$28,650",0.0,500.0,0.0,,
HM210312,22,2021,CRV,2HKRW2H80MH607679,AWD EXL-T,RW2H8MJNW,4,AUTO,WX,BK,33465,31444.3,"$31,444",RW2H8MJNW+,RW2H8MJNW+WX/BK,NO,33465,32454.5,31444.0,L,-11,NO SALES,31444.0,0,0,-,0,"$31,444",0.0,500.0,0.0,,
HM210325,22,2021,ACCORD,1HGCV2F31MA001753,4D SPORT-2T,CV2F3MJW,4,AUTO,RF,BK,32865,30872.16,"$30,622",CV2F3MJW,CV2F3MJWRF/BK,NO,32865,31868.5,30872.0,L_LESS_250,-1,NO SALES,30622,0,0,-,0,"$30,622",0.0,500.0,0.0,,
HM210326,22,2021,ACCORD,1HGCV1F17MA018792,4D LX-T,CV1F1MEW,4,AUTO,WY,IV,26120,24941.88,"$24,442",CV1F1MEW+,CV1F1MEW+WY/IV,NO,26120,25531,24942.0,L_Less_500,-5,NO SALES,24442,0,0,-,0,"$24,442",0.0,500.0,0.0,,
HM210331,22,2021,CRV,2HKRW2H51MH608541,AWD EX-T,RW2H5MJW,4,AUTO,WX,BK,30875,29020.19,"$29,020",RW2H5MJW+,RW2H5MJW+WX/BK,NO,30875,29947.5,29020.0,L,-18,NO SALES,29020.0,0,0,-,0,"$29,020",0.0,500.0,0.0,,
HM210332,22,2021,CRV,2HKRW2H55MH608395,AWD EX-T,RW2H5MJW,4,AUTO,WX,BK,30875,29020.19,"$29,020",RW2H5MJW+,RW2H5MJW+WX/BK,NO,30875,29947.5,29020.0,L,-18,NO SALES,29020.0,0,0,-,0,"$29,020",0.0,500.0,0.0,,
HM210346,22,2021,CIVIC,2HGFC2F6XMH522680,4D LX,FC2F6MEW,4,AUTO,BT,BK,22005,21032.97,"$21,276",FC2F6MEW,FC2F6MEWBT/BK,NO,22005,21519,21033.0,FL,-4,NO SALES,21276,0,0,-,0,"$21,276",0.0,500.0,0.0,,
HM210370,22,2021,CRV,2HKRW2H50MH611401,AWD EX-T,RW2H5MJW,4,AUTO,GY,BK,30480,28650.49,"$28,650",RW2H5MJW,RW2H5MJWGY/BK,NO,30480,29565,28650.0,L,-14,600.00,28650.0,0,0,-,0,"$28,650",0.0,500.0,0.0,,
HM210371,22,2021,CRV,2HKRW2H51MH611410,AWD EX-T,RW2H5MJW,4,AUTO,GY,BK,30480,28650.49,"$28,650",RW2H5MJW,RW2H5MJWGY/BK,NO,30480,29565,28650.0,L,-14,600.00,28650.0,0,0,-,0,"$28,650",0.0,500.0,0.0,,
HM210378,22,2021,CRV,2HKRW2H84MH611704,AWD EXL-T,RW2H8MJNW,4,AUTO,GY,BK,33070,31074.6,"$31,075",RW2H8MJNW,RW2H8MJNWGY/BK,NO,33070,32072.5,31075.0,L,-11,300.00,31075.0,0,0,-,0,"$31,075",0.0,500.0,0.0,,
HM210382,22,2021,CRV,2HKRW2H97MH611446,AWD TRG-T,RW2H9MKNW,4,AUTO,GX,GR,36270,33526.58,"$33,527",RW2H9MKNW,RW2H9MKNWGX/GR,NO,36270,34898.5,33527.0,L,-8,NO SALES,33527.0,0,0,-,0,"$33,527",0.0,500.0,0.0,,
HM210401S,22,2021,PILOT,5FNYF6H25MB022142,AWD SE,YF6H2MJNW,6,AUTO,SX,GR,42080,37121.06,"$37,463",YF6H2MJNW,YF6H2MJNWSX/GR,YES,40026,38317.5,36609.0,FL,1,30.00,37463.25,0,0,-,0,"$37,463",1250.0,0.0,0.0,,
HM202200,21,2020,RIDGELINE,5FPYK3F51LB029277,AWD RTL,YK3F5LJNW,6,AUTO,SX,GR,39940,36602.76,"$36,502",YK3F5LJNW,YK3F5LJNWSX/GR,YES,38799,37267.5,35736.0,FL,-5,NO SALES,36501.75,0,0,-,0,"$36,502",0.0,0.0,0.0,,
HM210347,21,2021,CIVIC,2HGFC2F88MH524431,4D SPORT,FC2F8MEW,4,AUTO,BK,BK,23805,22627.81,"$22,628",FC2F8MEW,FC2F8MEWBK/BK,NO,23805,23216.5,22628.0,L,-3,NO SALES,22628.0,0,0,-,0,"$22,628",0.0,500.0,0.0,,
HM210364,21,2021,ACCORD,1HGCV1F19MA023511,4D LX-T,CV1F1MEW,4,AUTO,WY,IV,26120,24941.88,"$24,442",CV1F1MEW+,CV1F1MEW+WY/IV,NO,26120,25531,24942.0,L_Less_500,-5,NO SALES,24442,0,0,-,0,"$24,442",0.0,500.0,0.0,,
HM210366,21,2021,ACCORD,1HGCV1F55MA023282,EXL-T,CV1F5MJNW,4,AUTO,WY,IV,32440,30474.39,"$29,474",CV1F5MJNW+,CV1F5MJNW+WY/IV,NO,32440,31457,30474.0,L_Less_1000,-2,NO SALES,29474,0,0,-,0,"$29,474",0.0,500.0,0.0,,
HM210368,21,2021,CRV,2HKRW2H57MH612903,AWD EX-T,RW2H5MJW,4,AUTO,GX,GR,30480,28650.49,"$28,650",RW2H5MJW,RW2H5MJWGX/GR,NO,30480,29565,28650.0,L,-14,NO SALES,28650.0,0,0,-,0,"$28,650",0.0,500.0,0.0,,
HM210376,21,2021,CRV,2HKRW2H55MH612804,AWD EX-T,RW2H5MJW,4,AUTO,GA,BK,30875,29020.19,"$29,020",RW2H5MJW+,RW2H5MJW+GA/BK,NO,30875,29947.5,29020.0,L,-18,NO SALES,29020.0,0,0,-,0,"$29,020",0.0,500.0,0.0,,
HM210385,21,2021,CRV,2HKRW2H98MH612072,AWD TRG-T,RW2H9MKNW,4,AUTO,RN,GR,36665,33896.28,"$33,896",RW2H9MKNW+,RW2H9MKNW+RN/GR,NO,36665,35280.5,33896.0,L,-3,240.00,33896.0,0,0,-,0,"$33,896",0.0,500.0,0.0,,
HM210386,21,2021,CRV,2HKRW2H91MH612138,AWD TRG-T,RW2H9MKNW,4,AUTO,RN,GR,36665,33896.28,"$33,896",RW2H9MKNW+,RW2H9MKNW+RN/GR,NO,36665,35280.5,33896.0,L,-3,240.00,33896.0,0,0,-,0,"$33,896",0.0,500.0,0.0,,
HM210411,21,2021,INSIGHT,19XZE4F9XME007668,4D TOURING,ZE4F9MKNW,4,AUTO,BF,IV,30190,28095.76,"$27,625",ZE4F9MKNW+,ZE4F9MKNW+BF/IV,YES,29303,28184.5,27066.0,FL,-1,NO SALES,27625.25,0,0,-,0,"$27,625",500.0,0.0,500.0,,
HM210341,20,2021,PASSPORT,5FNYF8H58MB007740,AWD EXL,YF8H5MJNW,6,AUTO,GY,BK,39730,37109.19,"$37,445",YF8H5MJNW,YF8H5MJNWGY/BK,YES,38841,37444.5,36048.0,F,1,120.00,37444.5,0,0,-,0,"$37,445",0.0,500.0,0.0,,
HM210351,20,2021,CIVIC,19XFC1F34ME002601,4D EX-T,FC1F3MJW,4,AUTO,GY,BK,25155,23905.25,"$23,905",FC1F3MJW,FC1F3MJWGY/BK,NO,25155,24530,23905.0,L,-2,NO SALES,23905.0,0,0,-,0,"$23,905",0.0,500.0,0.0,,
HM210356,20,2021,CIVIC SEDAN,19XFC1F70ME002677,4D EXL-T,FC1F7MJNW,4,AUTO,BK,BK,26355,25040.75,"$25,370",FC1F7MJNW,FC1F7MJNWBK/BK,NO,26355,25698,25041.0,FL,-1,NO SALES,25369.5,0,0,-,0,"$25,370",0.0,500.0,0.0,,
HM210367,20,2021,ACCORD HYBRID,1HGCV3F95MA003662,HYBRID TRG,CV3F9MKNW,4,AUTO,SI,BK,37195,34364.92,"$35,780",CV3F9MKNW,CV3F9MKNWSI/BK,NO,37195,35780,34365.0,F,-1,NO SALES,35780,0,0,-,0,"$35,780",0.0,500.0,500.0,,
HM210375,20,2021,CRV,2HKRW2H58MH612781,AWD EX-T,RW2H5MJW,4,AUTO,GA,BK,30875,29020.19,"$29,020",RW2H5MJW+,RW2H5MJW+GA/BK,NO,30875,29947.5,29020.0,L,-18,NO SALES,29020.0,0,0,-,0,"$29,020",0.0,500.0,0.0,,
HM210379,20,2021,CRV,2HKRW2H85MH612943,AWD EXL-T,RW2H8MJNW,4,AUTO,RN,GR,33465,31444.3,"$31,444",RW2H8MJNW+,RW2H8MJNW+RN/GR,NO,33465,32454.5,31444.0,L,-11,NO SALES,31444.0,0,0,-,0,"$31,444",0.0,500.0,0.0,,
HM210380,20,2021,CRV,2HKRW2H81MH612664,AWD EXL-T,RW2H8MJNW,4,AUTO,GA,BK,33465,31444.3,"$31,444",RW2H8MJNW+,RW2H8MJNW+GA/BK,NO,33465,32454.5,31444.0,L,-11,NO SALES,31444.0,0,0,-,0,"$31,444",0.0,500.0,0.0,,
HM210384,20,2021,CRV,2HKRW2H99MH612131,AWD TRG-T,RW2H9MKNW,4,AUTO,RN,GR,36665,33896.28,"$33,896",RW2H9MKNW+,RW2H9MKNW+RN/GR,NO,36665,35280.5,33896.0,L,-3,240.00,33896.0,0,0,-,0,"$33,896",0.0,500.0,0.0,,
HM202117,19,2020,FIT,3HGGK5H47LM732495,LX,GK5H4LEW,4,AUTO,WX,BK,17945,17494.33,"$15,525",GK5H4LEW,GK5H4LEWWX/BK,YES,17550,17037.5,16525.0,L_Less_1000,-7,NO SALES,15525,0,0,-,0,"$15,525",500.0,0.0,0.0,,
HM202140,19,2020,FIT,3HGGK5H47LM732285,LX,GK5H4LEW,4,AUTO,GY,BK,17945,17494.33,"$15,525",GK5H4LEW,GK5H4LEWGY/BK,YES,17550,17037.5,16525.0,L_Less_1000,-7,NO SALES,15525,0,0,-,0,"$15,525",500.0,0.0,0.0,,
HM202141,19,2020,FIT,3HGGK5H40LM732628,LX,GK5H4LEW,4,AUTO,WX,BK,17945,17494.33,"$15,525",GK5H4LEW,GK5H4LEWWX/BK,YES,17550,17037.5,16525.0,L_Less_1000,-7,NO SALES,15525,0,0,-,0,"$15,525",500.0,0.0,0.0,,
HM210125,19,2021,HRV,3CZRU6H72MM703466,AWD EXL,RU6H7MJNW,4,AUTO,SI,BK,28440,27022.55,"$26,657",RU6H7MJNW,RU6H7MJNWSI/BK,YES,28362,27509.5,26657.0,L,-5,NO SALES,26657.0,0,0,-,0,"$26,657",0.0,750.0,0.0,,
HM210146,19,2021,HRV,3CZRU6H16MM704650,AWD SPORT,RU6H1MEW,4,AUTO,BK,BK,25590,24325.74,"$24,061",RU6H1MEW,RU6H1MEWBK/BK,YES,25596,24828.5,24061.0,L,-4,NO SALES,24061.0,0,0,-,0,"$24,061",0.0,750.0,0.0,,
HM210147,19,2021,HRV,3CZRU6H53MM705354,AWD EX,RU6H5MJW,4,AUTO,GE,BK,27235,25882.32,"$25,063",RU6H5MJW+,RU6H5MJW+GE/BK,YES,26698,25880.5,25063.0,L,-3,NO SALES,25063.0,0,0,-,0,"$25,063",0.0,750.0,0.0,,
HM210154,19,2021,HRV,3CZRU6H12MM705763,AWD SPORT,RU6H1MEW,4,AUTO,BK,BK,25590,24325.74,"$24,061",RU6H1MEW,RU6H1MEWBK/BK,YES,25596,24828.5,24061.0,L,-4,NO SALES,24061.0,0,0,-,0,"$24,061",0.0,750.0,0.0,,
HM210160,19,2021,HRV,3CZRU6H71MM705418,AWD EXL,RU6H7MJNW,4,AUTO,BK,BK,28440,27022.55,"$26,657",RU6H7MJNW,RU6H7MJNWBK/BK,YES,28362,27509.5,26657.0,L,-5,120.00,26657.0,0,0,-,0,"$26,657",0.0,750.0,0.0,,
HM210165,19,2021,HRV,3CZRU6H55MM705906,AWD EX,RU6H5MJW,4,AUTO,BK,BK,26840,25508.55,"$24,700",RU6H5MJW,RU6H5MJWBK/BK,YES,26311,25505.5,24700.0,L,-4,NO SALES,24700.0,0,0,-,0,"$24,700",0.0,750.0,0.0,,
HM210206,19,2021,HR-V,3CZRU6H31MM707537,AWD LX,RU6H3MEW,4,AUTO,GY,BK,23640,22596.53,"$22,109",RU6H3MEW,RU6H3MEWGY/BK,YES,23528,22818.5,22109.0,L,-12,NO SALES,22109.0,0,0,-,0,"$22,109",0.0,750.0,0.0,,
HM210208,19,2021,HRV,3CZRU6H17MM707461,AWD SPORT,RU6H1MEW,4,AUTO,BT,BK,25590,24325.74,"$24,061",RU6H1MEW,RU6H1MEWBT/BK,YES,25596,24828.5,24061.0,L,-4,NO SALES,24061.0,0,0,-,0,"$24,061",0.0,750.0,0.0,,
HM210209,19,2021,HRV,3CZRU6H11MM707214,AWD SPORT,RU6H1MEW,4,AUTO,WX,BK,25985,24699.51,"$24,433",RU6H1MEW+,RU6H1MEW+WX/BK,YES,25992,25212.5,24433.0,L,0,60.00,24433.0,0,0,-,0,"$24,433",0.0,750.0,0.0,,
HM210213,19,2021,HR-V,3CZRU6H32MM708177,AWD LX,RU6H3MEW,4,AUTO,WY,GR,24035,22970.3,"$22,478",RU6H3MEW+,RU6H3MEW+WY/GR,YES,23921,23199.5,22478.0,L,-2,NO SALES,22478.0,0,0,-,0,"$22,478",0.0,750.0,0.0,,
HM210214,19,2021,HR-V,3CZRU6H32MM708180,AWD LX,RU6H3MEW,4,AUTO,WY,GR,24035,22970.3,"$22,478",RU6H3MEW+,RU6H3MEW+WY/GR,YES,23921,23199.5,22478.0,L,-2,NO SALES,22478.0,0,0,-,0,"$22,478",0.0,750.0,0.0,,
HM210227,19,2021,HR-V,3CZRU6H3XMM708847,AWD LX,RU6H3MEW,4,AUTO,GY,BK,23640,22596.53,"$22,109",RU6H3MEW,RU6H3MEWGY/BK,YES,23528,22818.5,22109.0,L,-12,NO SALES,22109.0,0,0,-,0,"$22,109",0.0,750.0,0.0,,
HM210232,19,2021,HR-V,3CZRU6H36MM708845,AWD LX,RU6H3MEW,4,AUTO,GY,BK,23640,22596.53,"$22,109",RU6H3MEW,RU6H3MEWGY/BK,YES,23528,22818.5,22109.0,L,-12,NO SALES,22109.0,0,0,-,0,"$22,109",0.0,750.0,0.0,,
HM202006,16,2020,CIVIC,19XFC1F37LE022758,4D EX-T,FC1F3LJW,4,AUTO,GX,GR,24905,23202.91,"$22,401",FC1F3LJW,FC1F3LJWGX/GR,YES,24234,23317.5,22401.0,L,3,NO SALES,22401.0,0,0,-,0,"$22,401",0.0,500.0,0.0,,
HM202189,16,2020,RIDGELINE,5FPYK3F1XLB027511,AWD SPORT,YK3F1LEW,6,AUTO,SI,BK,37260,34158.33,"$34,183",YK3F1LEW,YK3F1LEWSI/BK,YES,36324,34896.5,33469.0,FL,0,120.00,34182.75,0,0,-,0,"$34,183",0.0,0.0,0.0,,
HM210250,16,2021,CRV,2HKRW2H95MH601417,AWD TRG-T,RW2H9MKNW,4,AUTO,RN,GR,36665,33896.28,"$33,896",RW2H9MKNW+,RW2H9MKNW+RN/GR,NO,36665,35280.5,33896.0,L,-3,240.00,33896.0,0,0,-,0,"$33,896",0.0,500.0,0.0,,
HM210289,16,2021,ODYSSEY,5FNRL6H53MB032420,EX,RL6H5MEXW,6,AUTO,SV,BN,36310,33925.85,"$32,539",RL6H5MEXW,RL6H5MEXWSV/BN,YES,35278,33908.5,32539.0,L,-5,NO SALES,32539.0,0,0,-,0,"$32,539",0.0,1000.0,0.0,,
HM210330,16,2021,CRV,7FARW2H56ME002168,AWD EX-T,RW2H5MJW,4,AUTO,BK,BK,30480,28650.49,"$28,650",RW2H5MJW,RW2H5MJWBK/BK,NO,30480,29565,28650.0,L,-14,NO SALES,28650.0,0,0,-,0,"$28,650",0.0,500.0,0.0,,
HM210342,16,2021,PILOT,5FNYF6H52MB039927,AWD EXL,YF6H5MJNW,6,AUTO,SX,GR,41480,38007.4,"$36,348",YF6H5MJNW,YF6H5MJNWSX/GR,YES,39717,38032.5,36348.0,L,1,36.00,36348.0,0,0,-,0,"$36,348",1250.0,0.0,0.0,,
HM210350,16,2021,CIVICH,SHHFK7H4XMU205707,SPORT,FK7H4MEW,4,AUTO,BK,BK,24855,23621.38,"$23,621",FK7H4MEW,FK7H4MEWBK/BK,NO,24855,24238,23621.0,L,-6,300.00,23621.0,0,0,-,0,"$23,621",0.0,500.0,0.0,,
HM210352,16,2021,CIVICH,SHHFK7H45MU206246,SPORT,FK7H4MEW,4,AUTO,WX,BK,25250,23995.15,"$23,745",FK7H4MEW+,FK7H4MEW+WX/BK,NO,25250,24622.5,23995.0,L_LESS_250,-2,NO SALES,23745,0,0,-,0,"$23,745",0.0,500.0,0.0,,
HM210353,16,2021,CIVICH,SHHFK7H60MU206415,EX,FK7H6MJW,4,AUTO,GY,BK,25455,24189.13,"$24,189",FK7H6MJW,FK7H6MJWGY/BK,NO,25455,24822,24189.0,L,-4,NO SALES,24189.0,0,0,-,0,"$24,189",0.0,500.0,0.0,,
HM210354,16,2021,CIVIC,19XFC1F35ME003272,4D EX-T,FC1F3MJW,4,AUTO,WX,BK,25550,24279.02,"$24,029",FC1F3MJW+,FC1F3MJW+WX/BK,NO,25550,24914.5,24279.0,L_LESS_250,-5,NO SALES,24029,0,0,-,0,"$24,029",0.0,500.0,0.0,,
HM210381,16,2021,CR-V,7FARW2H82ME002873,AWD EXL-T,RW2H8MJNW,4,AUTO,RN,GR,33465,31444.3,"$31,444",RW2H8MJNW+,RW2H8MJNW+RN/GR,NO,33465,32454.5,31444.0,L,-11,NO SALES,31444.0,0,0,-,0,"$31,444",0.0,500.0,0.0,,
HM210387,16,2021,PASSPORT,5FNYF8H52MB007717,AWD EXL,YF8H5MJNW,6,AUTO,GY,BK,39730,37109.19,"$37,445",YF8H5MJNW,YF8H5MJNWGY/BK,YES,38841,37444.5,36048.0,F,1,120.00,37444.5,0,0,-,0,"$37,445",0.0,500.0,0.0,,
HM210391,16,2021,PILOT,5FNYF6H54MB039878,AWD EXL,YF6H5MJNW,6,AUTO,GX,GR,41480,38007.4,"$36,348",YF6H5MJNW,YF6H5MJNWGX/GR,YES,39717,38032.5,36348.0,L,1,NO SALES,36348.0,0,0,-,0,"$36,348",1250.0,0.0,0.0,,
HM210392,16,2021,CIVIC,2HGFC2F86MH524959,4D SPORT,FC2F8MEW,4,AUTO,BK,BK,23805,22627.81,"$22,628",FC2F8MEW,FC2F8MEWBK/BK,NO,23805,23216.5,22628.0,L,-3,NO SALES,22628.0,0,0,-,0,"$22,628",0.0,500.0,0.0,,
HM210395,16,2021,CRV,2HKRW2H52MH613554,AWD EX,RW2H5MJW,4,AUTO,GX,GR,30480,28650.49,"$28,650",RW2H5MJW,RW2H5MJWGX/GR,NO,30480,29565,28650.0,L,-14,NO SALES,28650.0,0,0,-,0,"$28,650",0.0,500.0,0.0,,
HM210398,16,2021,CRV,2HKRW2H51MH613609,AWD EX-T,RW2H5MJW,4,AUTO,RN,GR,30875,29020.19,"$29,020",RW2H5MJW+,RW2H5MJW+RN/GR,NO,30875,29947.5,29020.0,L,-18,NO SALES,29020.0,0,0,-,0,"$29,020",0.0,500.0,0.0,,
HM210416,16,2021,CIVICH,SHHFK7H49MU207254,SPORT,FK7H4MEW,4,AUTO,BK,BK,24855,23621.38,"$23,621",FK7H4MEW,FK7H4MEWBK/BK,NO,24855,24238,23621.0,L,-6,300.00,23621.0,0,0,-,0,"$23,621",0.0,500.0,0.0,,
HM210417,16,2021,CIVICH,SHHFK7H47MU207236,SPORT,FK7H4MEW,4,AUTO,BK,BK,24855,23621.38,"$23,621",FK7H4MEW,FK7H4MEWBK/BK,NO,24855,24238,23621.0,L,-6,300.00,23621.0,0,0,-,0,"$23,621",0.0,500.0,0.0,,
HM210418,16,2021,CIVICH,SHHFK7H42MU207516,SPORT,FK7H4MEW,4,AUTO,SI,BK,24855,23621.38,"$23,621",FK7H4MEW,FK7H4MEWSI/BK,NO,24855,24238,23621.0,L,-6,NO SALES,23621.0,0,0,-,0,"$23,621",0.0,500.0,0.0,,
HM210419,16,2021,CIVICH,SHHFK7H47MU208290,SPORT,FK7H4MEW,4,AUTO,WX,BK,25250,23995.15,"$23,745",FK7H4MEW+,FK7H4MEW+WX/BK,NO,25250,24622.5,23995.0,L_LESS_250,-2,NO SALES,23745,0,0,-,0,"$23,745",0.0,500.0,0.0,,
HM210420,16,2021,CIVICH,SHHFK7H60MU208228,EX,FK7H6MJW,4,AUTO,GY,BK,25455,24189.13,"$24,189",FK7H6MJW,FK7H6MJWGY/BK,NO,25455,24822,24189.0,L,-4,NO SALES,24189.0,0,0,-,0,"$24,189",0.0,500.0,0.0,,
HM210421,16,2021,CIVICH,SHHFK7H69MU207787,EX,FK7H6MJW,4,AUTO,GY,BK,25455,24189.13,"$24,189",FK7H6MJW,FK7H6MJWGY/BK,NO,25455,24822,24189.0,L,-4,NO SALES,24189.0,0,0,-,0,"$24,189",0.0,500.0,0.0,,
HM202224S,16,2020,RIDGELINE,5FPYK3F16LB028381,AWD SPORT,YK3F1LEW,6,AUTO,WX,BK,37260,32893.43,"$34,183",YK3F1LEW,YK3F1LEWWX/BK,YES,36324,34896.5,33469.0,FL,0,240.00,34182.75,0,0,-,0,"$34,183",0.0,0.0,0.0,,
HM210433S,16,2021,HRV,3CZRU6H77MM702250,AWD EXL,RU6H7LJNW,4,AUTO,GY,BK,28440,26066.35,"$26,657",RU6H7MJNW,RU6H7MJNWGY/BK,YES,28362,27509.5,26657.0,L,-5,NO SALES,26657.0,0,0,-,0,"$26,657",0.0,750.0,0.0,,
HM210389,15,2021,ODYSSEY,5FNRL6H83MB036591,TOURING,RL6H8MKXW,6,AUTO,BK,BK,43620,40073.38,"$38,422",RL6H8MKXW,RL6H8MKXWBK/BK,YES,41715,40068.5,38422.0,L,1,120.00,38422.0,0,0,-,0,"$38,422",0.0,1000.0,0.0,,
HM210390,15,2021,ODYSSEY,5FNRL6H83MB036476,TOURING,RL6H8MKXW,6,AUTO,GY,BK,43620,40073.38,"$38,422",RL6H8MKXW,RL6H8MKXWGY/BK,YES,41715,40068.5,38422.0,L,1,NO SALES,38422.0,0,0,-,0,"$38,422",0.0,1000.0,0.0,,
HM210396,15,2021,CRV,2HKRW2H58MH613543,AWD EX,RW2H5MJW,4,AUTO,GX,GR,30480,28650.49,"$28,650",RW2H5MJW,RW2H5MJWGX/GR,NO,30480,29565,28650.0,L,-14,NO SALES,28650.0,0,0,-,0,"$28,650",0.0,500.0,0.0,,
HM210397,15,2021,CRV,2HKRW2H58MH613588,AWD EX,RW2H5MJW,4,AUTO,RN,GR,30875,29020.19,"$29,020",RW2H5MJW+,RW2H5MJW+RN/GR,NO,30875,29947.5,29020.0,L,-18,NO SALES,29020.0,0,0,-,0,"$29,020",0.0,500.0,0.0,,
HM210399,15,2021,CRVHYB,7FART6H98ME004233,HYBRID TRG,RT6H9MKNW,4,AUTO,WX,BK,37865,35000.88,"$35,717",RT6H9MKNW+,RT6H9MKNW+WX/BK,NO,37865,36433,35001.0,FL,-1,NO SALES,35717,0,0,-,0,"$35,717",0.0,500.0,0.0,,
HM210403,15,2021,ACCORD,1HGCV1F16MA025362,4D LX-T,CV1F1MEW,4,AUTO,SI,BK,25725,24572.18,"$24,572",CV1F1MEW,CV1F1MEWSI/BK,NO,25725,25148.5,24572.0,L,-2,NO SALES,24572.0,0,0,-,0,"$24,572",0.0,500.0,0.0,,
HM210405,15,2021,CRV,2HKRW2H55MH614214,AWD EX-T,RW2H5MJW,4,AUTO,GA,BK,30875,29020.19,"$29,020",RW2H5MJW+,RW2H5MJW+GA/BK,NO,30875,29947.5,29020.0,L,-18,NO SALES,29020.0,0,0,-,0,"$29,020",0.0,500.0,0.0,,
HM210406,15,2021,CRV,2HKRW2H88MH613990,AWD EXL-T,RW2H8MJNW,4,AUTO,GX,GR,33070,31074.6,"$31,075",RW2H8MJNW,RW2H8MJNWGX/GR,NO,33070,32072.5,31075.0,L,-11,NO SALES,31075.0,0,0,-,0,"$31,075",0.0,500.0,0.0,,
HM210407,15,2021,CRV,2HKRW2H86MH613938,AWD EXL-T,RW2H8MJNW,4,AUTO,RN,GR,33465,31444.3,"$31,444",RW2H8MJNW+,RW2H8MJNW+RN/GR,NO,33465,32454.5,31444.0,L,-11,NO SALES,31444.0,0,0,-,0,"$31,444",0.0,500.0,0.0,,
HM210408,15,2021,CRV,2HKRW2H89MH613898,AWD EXL-T,RW2H8MJNW,4,AUTO,RN,GR,33465,31444.3,"$31,444",RW2H8MJNW+,RW2H8MJNW+RN/GR,NO,33465,32454.5,31444.0,L,-11,NO SALES,31444.0,0,0,-,0,"$31,444",0.0,500.0,0.0,,
HM210412,15,2021,CRV,2HKRW2H56MH613640,AWD EX-T,RW2H5MJW,4,AUTO,RN,GR,30875,29020.19,"$29,020",RW2H5MJW+,RW2H5MJW+RN/GR,NO,30875,29947.5,29020.0,L,-18,NO SALES,29020.0,0,0,-,0,"$29,020",0.0,500.0,0.0,,
HM210413,15,2021,CRV,2HKRW2H98MH614324,AWD TRG-T,RW2H9MKNW,4,AUTO,BK,BK,36270,33526.58,"$33,527",RW2H9MKNW,RW2H9MKNWBK/BK,NO,36270,34898.5,33527.0,L,-8,NO SALES,33527.0,0,0,-,0,"$33,527",0.0,500.0,0.0,,
HM210422,15,2021,ACCORD,1HGCV1F15MA027197,4D LX-T,CV1F1MEW,4,AUTO,BK,BK,25725,24572.18,"$24,572",CV1F1MEW,CV1F1MEWBK/BK,NO,25725,25148.5,24572.0,L,-2,NO SALES,24572.0,0,0,-,0,"$24,572",0.0,500.0,0.0,,
HM210423,15,2021,ACCORD,1HGCV1F34MA027015,4D SPORT-T,CV1F3MEW,4,AUTO,BM,BK,28580,26861.62,"$26,112",CV1F3MEW+,CV1F3MEW+BM/BK,NO,28580,27721,26862.0,l_Less_750,-8,NO SALES,26112,0,0,-,0,"$26,112",0.0,500.0,0.0,,
HM210424,15,2021,ACCORD HYBRID,1HGCV3F45MA004377,HYBRID EX,CV3F4MJW,4,AUTO,SI,BK,31275,29384,"$29,857",CV3F4MJW,CV3F4MJWSI/BK,NO,31275,30329.5,29384.0,FL,-2,NO SALES,29856.75,0,0,-,0,"$29,857",0.0,500.0,500.0,,
HM210434S,15,2021,PILOT,5FNYF6H08MB036700,AWD ELITE,YF6H0MKNW,6,AUTO,BK,BK,49540,43664.23,"$43,476",YF6H0MKNW,YF6H0MKNWBK/BK,YES,47497,45486.5,43476.0,L,-2,NO SALES,43476.0,0,0,-,0,"$43,476",1250.0,0.0,0.0,,
HM210164,14,2021,HRV,3CZRU6H57MM706314,AWD EX,RU6H5MJW,4,AUTO,SX,GR,26840,25508.55,"$24,700",RU6H5MJW,RU6H5MJWSX/GR,YES,26311,25505.5,24700.0,L,-4,60.00,24700.0,0,0,-,0,"$24,700",0.0,750.0,0.0,,
HM210205,14,2021,HR-V,3CZRU6H39MM707558,AWD LX,RU6H3MEW,4,AUTO,GY,BK,23640,22596.53,"$22,109",RU6H3MEW,RU6H3MEWGY/BK,YES,23528,22818.5,22109.0,L,-12,NO SALES,22109.0,0,0,-,0,"$22,109",0.0,750.0,0.0,,
HM210226,14,2021,HR-V,3CZRU6H30MM708825,AWD LX,RU6H3MEW,4,AUTO,GY,BK,23640,22596.53,"$22,109",RU6H3MEW,RU6H3MEWGY/BK,YES,23528,22818.5,22109.0,L,-12,NO SALES,22109.0,0,0,-,0,"$22,109",0.0,750.0,0.0,,
HM210233,14,2021,HR-V,3CZRU6H35MM708853,AWD LX,RU6H3MEW,4,AUTO,SX,GR,23640,22596.53,"$22,109",RU6H3MEW,RU6H3MEWSX/GR,YES,23528,22818.5,22109.0,L,-12,NO SALES,22109.0,0,0,-,0,"$22,109",0.0,750.0,0.0,,
HM210234,14,2021,HR-V,3CZRU6H31MM708851,AWD LX,RU6H3MEW,4,AUTO,SX,GR,23640,22596.53,"$22,109",RU6H3MEW,RU6H3MEWSX/GR,YES,23528,22818.5,22109.0,L,-12,NO SALES,22109.0,0,0,-,0,"$22,109",0.0,750.0,0.0,,
HM210235,14,2021,HR-V,3CZRU6H32MM708874,AWD LX,RU6H3MEW,4,AUTO,SX,GR,23640,22596.53,"$22,109",RU6H3MEW,RU6H3MEWSX/GR,YES,23528,22818.5,22109.0,L,-12,NO SALES,22109.0,0,0,-,0,"$22,109",0.0,750.0,0.0,,
HM210480,14,2021,CRV,2HKRW2H84MH615168,AWD EXL-T,RW2H8MJNW,4,AUTO,WX,BK,33465,31444.3,"$31,444",RW2H8MJNW+,RW2H8MJNW+WX/BK,NO,33465,32454.5,31444.0,L,-11,NO SALES,31444.0,0,0,-,0,"$31,444",0.0,500.0,0.0,,
HM202207,9,2020,RIDGELINE,5FPYK3F51LB030154,AWD RTL,YK3F5LJNW,6,AUTO,BK,BK,39940,36602.76,"$36,502",YK3F5LJNW,YK3F5LJNWBK/BK,YES,38799,37267.5,35736.0,FL,-5,NO SALES,36501.75,0,0,-,0,"$36,502",0.0,0.0,0.0,,
HM210388,9,2021,ODYSSEY,5FNRL6H79MB037669,EXL,RL6H7MJXW,6,AUTO,WX,BK,39975,37337.24,"$35,766",RL6H7MJXW+,RL6H7MJXW+WX/BK,YES,38785,37275.5,35766.0,L,-3,120.00,35766.0,0,0,-,0,"$35,766",0.0,1000.0,0.0,,
HM210426,9,2021,CRVHYB,7FART6H87ME003503,HYBRID EXL,RT6H8MJNW,4,AUTO,WY,IV,34665,32567.44,"$33,092",RT6H8MJNW+,RT6H8MJNW+WY/IV,NO,34665,33616,32567.0,FL,-1,NO SALES,33091.5,0,0,-,0,"$33,092",0.0,500.0,0.0,,
HM210427,9,2021,CRV,2HKRW2H92MH614769,AWD TRG,RW2H9MKNW,4,AUTO,SX,GR,36270,33526.58,"$33,527",RW2H9MKNW,RW2H9MKNWSX/GR,NO,36270,34898.5,33527.0,L,-8,NO SALES,33527.0,0,0,-,0,"$33,527",0.0,500.0,0.0,,
HM210429,9,2021,CRV,2HKRW2H53MH615748,AWD EX-T,RW2H5MJW,4,AUTO,SX,GR,30480,28650.49,"$28,650",RW2H5MJW,RW2H5MJWSX/GR,NO,30480,29565,28650.0,L,-14,NO SALES,28650.0,0,0,-,0,"$28,650",0.0,500.0,0.0,,
HM210430,9,2021,CRV,2HKRW2H8XMH615661,AWD EXL-T,RW2H8MJNW,4,AUTO,RN,GR,33465,31444.3,"$31,444",RW2H8MJNW+,RW2H8MJNW+RN/GR,NO,33465,32454.5,31444.0,L,-11,NO SALES,31444.0,0,0,-,0,"$31,444",0.0,500.0,0.0,,
HM210431,9,2021,CRV,2HKRW2H88MH615609,AWD EXL-T,RW2H8MJNW,4,AUTO,RN,GR,33465,31444.3,"$31,444",RW2H8MJNW+,RW2H8MJNW+RN/GR,NO,33465,32454.5,31444.0,L,-11,NO SALES,31444.0,0,0,-,0,"$31,444",0.0,500.0,0.0,,
HM210481,9,2021,CRV,2HKRW2H92MH614979,AWD TRG-T,RW2H9MKNW,4,AUTO,GY,BK,36270,33526.58,"$33,527",RW2H9MKNW,RW2H9MKNWGY/BK,NO,36270,34898.5,33527.0,L,-8,NO SALES,33527.0,0,0,-,0,"$33,527",0.0,500.0,0.0,,
HM210400,8,2020,RIDGELINE,5FPYK3F59LB031102,AWD RTL,YK3F5LJNW,6,AUTO,SI,BK,39940,36602.76,"$36,502",YK3F5LJNW,YK3F5LJNWSI/BK,YES,38799,37267.5,35736.0,FL,-5,NO SALES,36501.75,0,0,-,0,"$36,502",0.0,0.0,0.0,,
HM210432,8,2021,CRV,2HKRW2H92MH615436,AWD TRG-T,RW2H9MKNW,4,AUTO,WY,IV,36665,33896.28,"$33,896",RW2H9MKNW+,RW2H9MKNW+WY/IV,NO,36665,35280.5,33896.0,L,-3,30.00,33896.0,0,0,-,0,"$33,896",0.0,500.0,0.0,,
HM210435,8,2021,CRV,2HKRW2H80MH615619,AWD EXL-T,RW2H8MJNW,4,AUTO,RN,GR,33465,31444.3,"$31,444",RW2H8MJNW+,RW2H8MJNW+RN/GR,NO,33465,32454.5,31444.0,L,-11,NO SALES,31444.0,0,0,-,0,"$31,444",0.0,500.0,0.0,,
HM202209,7,2020,RIDGELINE,5FPYK3F51LB031160,AWD RTL,YK3F5LJNW,6,AUTO,BU,GR,39940,36602.76,"$36,502",YK3F5LJNW,YK3F5LJNWBU/GR,YES,38799,37267.5,35736.0,FL,-5,120.00,36501.75,0,0,-,0,"$36,502",0.0,0.0,0.0,,
HM202212,7,2020,RIDGELINE,5FPYK3F7XLB022989,AWD RTLE,YK3F7LKNW,6,AUTO,BK,BK,43140,39521.48,"$39,017",YK3F7LKNW,YK3F7LKNWBK/BK,YES,41497,39843.5,38190.0,FL,5,60.00,39016.75,0,0,-,0,"$39,017",0.0,0.0,0.0,,
HM202216,7,2020,RIDGELINE,5FPYK3F11LB023511,AWD SPORT,YK3F1LEW,6,AUTO,GY,BK,37260,34158.33,"$34,183",YK3F1LEW,YK3F1LEWGY/BK,YES,36324,34896.5,33469.0,FL,0,20.00,34182.75,0,0,-,0,"$34,183",0.0,0.0,0.0,,
HM202217,7,2020,RIDGELINE,5FPYK3F18LB030729,AWD SPORT,YK3F1LEW,6,AUTO,BK,BK,37260,34158.33,"$34,183",YK3F1LEW,YK3F1LEWBK/BK,YES,36324,34896.5,33469.0,FL,0,60.00,34182.75,0,0,-,0,"$34,183",0.0,0.0,0.0,,
HM202218,7,2020,RIDGELINE,5FPYK3F53LB031175,AWD RTL,YK3F5LJNW,6,AUTO,BU,GR,39940,36602.76,"$36,502",YK3F5LJNW,YK3F5LJNWBU/GR,YES,38799,37267.5,35736.0,FL,-5,120.00,36501.75,0,0,-,0,"$36,502",0.0,0.0,0.0,,
HM202219,7,2020,RIDGELINE,5FPYK3F52LB031118,AWD RTL,YK3F5LJNW,6,AUTO,SI,BK,39940,36602.76,"$36,502",YK3F5LJNW,YK3F5LJNWSI/BK,YES,38799,37267.5,35736.0,FL,-5,NO SALES,36501.75,0,0,-,0,"$36,502",0.0,0.0,0.0,,
HM210136,7,2021,HRV,3CZRU6H7XMM704350,AWD EXL,RU6H7LJNW,4,AUTO,WY,GR,28835,27396.32,"$27,027",RU6H7MJNW+,RU6H7MJNW+WY/GR,YES,28756,27891.5,27027.0,L,-4,NO SALES,27027.0,0,0,-,0,"$27,027",0.0,750.0,0.0,,
HM210228,7,2021,HR-V,3CZRU6H38MM708989,AWD LX,RU6H3MEW,4,AUTO,BK,BK,23640,22596.53,"$22,109",RU6H3MEW,RU6H3MEWBK/BK,YES,23528,22818.5,22109.0,L,-12,NO SALES,22109.0,0,0,-,0,"$22,109",0.0,750.0,0.0,,
HM210229,7,2021,HR-V,3CZRU6H37MM708658,AWD LX,RU6H3MEW,4,AUTO,BK,BK,23640,22596.53,"$22,109",RU6H3MEW,RU6H3MEWBK/BK,YES,23528,22818.5,22109.0,L,-12,NO SALES,22109.0,0,0,-,0,"$22,109",0.0,750.0,0.0,,
HM210230,7,2021,HR-V,3CZRU6H37MM708840,AWD LX,RU6H3MEW,4,AUTO,GY,BK,23640,22596.53,"$22,109",RU6H3MEW,RU6H3MEWGY/BK,YES,23528,22818.5,22109.0,L,-12,NO SALES,22109.0,0,0,-,0,"$22,109",0.0,750.0,0.0,,
HM210231,7,2021,HR-V,3CZRU6H36MM708683,AWD LX,RU6H3MEW,4,AUTO,BK,BK,23640,22596.53,"$22,109",RU6H3MEW,RU6H3MEWBK/BK,YES,23528,22818.5,22109.0,L,-12,NO SALES,22109.0,0,0,-,0,"$22,109",0.0,750.0,0.0,,
HM210409,7,2021,ODYSSEY,5FNRL6H53MB038363,EX,RL6H5MEXW,6,AUTO,SV,BN,36310,33925.85,"$32,539",RL6H5MEXW,RL6H5MEXWSV/BN,YES,35278,33908.5,32539.0,L,-5,NO SALES,32539.0,0,0,-,0,"$32,539",0.0,1000.0,0.0,,
HM210410,7,2021,ODYSSEY,5FNRL6H72MB038002,EXL,RL6H7MJXW,6,AUTO,BS,GR,39580,36969.57,"$35,413",RL6H7MJXW,RL6H7MJXWBS/GR,YES,38402,36907.5,35413.0,L,0,60.00,35413.0,0,0,-,0,"$35,413",0.0,1000.0,0.0,,
HM210428,7,2021,PILOT,5FNYF6H03MB042839,AWD ELITE,YF6H0MKNW,6,AUTO,BK,BK,49540,45358.93,"$43,476",YF6H0MKNW,YF6H0MKNWBK/BK,YES,47497,45486.5,43476.0,L,-2,NO SALES,43476.0,0,0,-,0,"$43,476",1250.0,0.0,0.0,,
HM210441,7,2021,CIVIC,19XFC1F39ME004182,4D EX-T,FC1F3MJW,4,AUTO,WX,BK,25550,24279.02,"$24,029",FC1F3MJW+,FC1F3MJW+WX/BK,NO,25550,24914.5,24279.0,L_LESS_250,-5,NO SALES,24029,0,0,-,0,"$24,029",0.0,500.0,0.0,,
HM210442,7,2021,CIVIC SEDAN,19XFC1F76ME004031,4D EXL-T,FC1F7MJNW,4,AUTO,WX,BK,26750,25414.52,"$25,749",FC1F7MJNW+,FC1F7MJNW+WX/BK,NO,26750,26082.5,25415.0,FL,-1,NO SALES,25748.75,0,0,-,0,"$25,749",0.0,500.0,0.0,,
HM210443,7,2021,INSIGHT,19XZE4F53ME007976,4D EX,ZE4F5MEW,4,AUTO,GY,BK,25765,23999.1,"$23,411",ZE4F5MEW,ZE4F5MEWGY/BK,YES,24844,23888.5,22933.0,FL,-1,NO SALES,23410.75,0,0,-,0,"$23,411",500.0,0.0,500.0,,
HM210445,7,2021,CRV,2HKRW2H59MH616290,AWD EX-T,RW2H5MJW,4,AUTO,WX,BK,30875,29020.19,"$29,020",RW2H5MJW+,RW2H5MJW+WX/BK,NO,30875,29947.5,29020.0,L,-18,NO SALES,29020.0,0,0,-,0,"$29,020",0.0,500.0,0.0,,
HM210446,7,2021,CRV,2HKRW2H56MH616327,AWD EX-T,RW2H5MJW,4,AUTO,WX,BK,30875,29020.19,"$29,020",RW2H5MJW+,RW2H5MJW+WX/BK,NO,30875,29947.5,29020.0,L,-18,NO SALES,29020.0,0,0,-,0,"$29,020",0.0,500.0,0.0,,
HM210447,7,2021,CRV,2HKRW2H5XMH616265,AWD EX-T,RW2H5MJW,4,AUTO,WX,BK,30875,29020.19,"$29,020",RW2H5MJW+,RW2H5MJW+WX/BK,NO,30875,29947.5,29020.0,L,-18,NO SALES,29020.0,0,0,-,0,"$29,020",0.0,500.0,0.0,,
HM210448,7,2021,CRVHYB,7FART6H52ME005200,HYBRID EX,RT6H5MJW,4,AUTO,RN,GR,32075,30143.33,"$31,109",RT6H5MJW+,RT6H5MJW+RN/GR,NO,32075,31109,30143.0,F,-4,NO SALES,31109,0,0,-,0,"$31,109",0.0,500.0,0.0,,
HM210450,7,2021,CRVHYB,7FART6H53ME005190,HYBRID EX,RT6H5MJW,4,AUTO,RN,GR,32075,30143.33,"$31,109",RT6H5MJW+,RT6H5MJW+RN/GR,NO,32075,31109,30143.0,F,-4,NO SALES,31109,0,0,-,0,"$31,109",0.0,500.0,0.0,,
HM210451,7,2021,CRV,2HKRW2H87MH615911,AWD EXL-T,RW2H8MJNW,4,AUTO,BK,BK,33070,31074.6,"$31,075",RW2H8MJNW,RW2H8MJNWBK/BK,NO,33070,32072.5,31075.0,L,-11,NO SALES,31075.0,0,0,-,0,"$31,075",0.0,500.0,0.0,,
HM202210,6,2020,RIDGELINE,5FPYK3F73LB022770,AWD RTLE,YK3F7LKNW,6,AUTO,BR,BK,43140,39521.48,"$39,017",YK3F7LKNW,YK3F7LKNWBR/BK,YES,41497,39843.5,38190.0,FL,5,NO SALES,39016.75,0,0,-,0,"$39,017",0.0,0.0,0.0,,
HM202213,6,2020,RIDGELINE,5FPYK3F88LB019579,AWD BLACK ED,YK3F8LKNW,6,AUTO,BK,BK,44640,40889.64,"$40,823",YK3F8LKNW,YK3F8LKNWBK/BK,YES,43393,41679.5,39966.0,FL,-1,80.00,40822.75,0,0,-,0,"$40,823",0.0,0.0,0.0,,
HM202222,6,2020,RIDGELINE,5FPYK3F86LB026501,AWD BLACK ED,YK3F8LKNW,6,AUTO,BK,BK,44640,40889.64,"$40,823",YK3F8LKNW,YK3F8LKNWBK/BK,YES,43393,41679.5,39966.0,FL,-1,80.00,40822.75,0,0,-,0,"$40,823",0.0,0.0,0.0,,
HM210437,6,2021,CRVHYB,7FART6H52ME005598,HYBRID EX,RT6H5MJW,4,AUTO,BK,BK,31680,29773.63,"$30,251",RT6H5MJW,RT6H5MJWBK/BK,NO,31680,30727,29774.0,FL,0,NO SALES,30250.5,0,0,-,0,"$30,251",0.0,500.0,0.0,,
HM210438,6,2021,CRV,2HKRW2H98MH615697,AWD TRG-T,RW2H9MKNW,4,AUTO,GX,GR,36270,33526.58,"$33,527",RW2H9MKNW,RW2H9MKNWGX/GR,NO,36270,34898.5,33527.0,L,-8,NO SALES,33527.0,0,0,-,0,"$33,527",0.0,500.0,0.0,,
HM210444,6,2021,INSIGHT,19XZE4F53ME008075,4D EX,ZE4F5MEW,4,AUTO,BF,IV,26160,24364.79,"$23,769",ZE4F5MEW+,ZE4F5MEW+BF/IV,YES,25225,24254.5,23284.0,FL,-3,NO SALES,23769.25,0,0,-,0,"$23,769",500.0,0.0,500.0,,
HM210449,6,2021,CRVHYB,7FART6H55ME005465,HYBRID EX,RT6H5MJW,4,AUTO,WY,IV,32075,30143.33,"$31,109",RT6H5MJW+,RT6H5MJW+WY/IV,NO,32075,31109,30143.0,F,-4,NO SALES,31109,0,0,-,0,"$31,109",0.0,500.0,0.0,,
HM210466,6,2021,CIVIC,2HGFC2F63MH531544,4D LX,FC2F6MEW,4,AUTO,RE,BK,22005,21032.97,"$21,276",FC2F6MEW,FC2F6MEWRE/BK,NO,22005,21519,21033.0,FL,-4,NO SALES,21276,0,0,-,0,"$21,276",0.0,500.0,0.0,,
HM210509S,2,2021,PILOT,5FNYF6H61MB039250,AWD TRG 7P,YF6H6MKNW,6,AUTO,BK,BK,46340,40857.51,"$41,446",YF6H6MKNW,-,YES,44268,42386.5,40505.0,FL,1,-,41445.75,0,0,-,0,"$41,446",1250.0,0.0,0.0,,
HM210514S,2,2021,PILOT,5FNYF6H76MB041844,AWD BLACK ED,YF6H7MKXW,6,AUTO,WX,BK,51435,45326.33,"$46,853",YF6H7MKXW+,YF6H7MKXW+WX/BK,NO,51435,48380.5,45326.0,FL,-1,NO SALES,46853.25,0,0,-,0,"$46,853",1250.0,0.0,0.0,,
HM202214,1,2020,RIDGELINE,5FPYK3F89LB019574,AWD BLACK ED,YK3F8LKNW,6,AUTO,BK,BK,44640,40889.64,"$40,823",YK3F8LKNW,YK3F8LKNWBK/BK,YES,43393,41679.5,39966.0,FL,-1,80.00,40822.75,0,0,-,0,"$40,823",0.0,0.0,0.0,,
HM202215,1,2020,RIDGELINE,5FPYK3F18LB031427,AWD SPORT,YK3F1LEW,6,AUTO,SI,BK,37260,34158.33,"$34,183",YK3F1LEW,YK3F1LEWSI/BK,YES,36324,34896.5,33469.0,FL,0,120.00,34182.75,0,0,-,0,"$34,183",0.0,0.0,0.0,,
HM210414,1,2021,PILOT,5FNYF6H50MB042776,AWD EXL,YF6H5MJNW,6,AUTO,WY,BE,41675,38367.68,"$36,444",YF6H5MJNW+,YF6H5MJNW+WY/BE,YES,40095,38394.5,36694.0,L_LESS_250,-4,360.00,36444,0,0,-,0,"$36,444",1250.0,0.0,0.0,,
HM210455,1,2021,INSIGHT,19XZE4F57ME008063,4D EX,ZE4F5MEW,4,AUTO,BF,IV,26160,24364.79,"$23,769",ZE4F5MEW+,ZE4F5MEW+BF/IV,YES,25225,24254.5,23284.0,FL,-3,NO SALES,23769.25,0,0,-,0,"$23,769",500.0,0.0,500.0,,
HM210457,1,2021,CR-V,7FARW2H83ME004065,AWD TRG,RW2H8MJNW,4,AUTO,BK,BK,33070,31074.6,"$31,075",RW2H8MJNW,RW2H8MJNWBK/BK,NO,33070,32072.5,31075.0,L,-11,NO SALES,31075.0,0,0,-,0,"$31,075",0.0,500.0,0.0,,
HM210467,1,2021,ACCORD,1HGCV1F34MA030142,4D SPORT-T,CV1F3MEW,4,AUTO,BK,BK,28185,26491.92,"$25,992",CV1F3MEW,CV1F3MEWBK/BK,NO,28185,27338.5,26492.0,L_LESS_500,-4,NO SALES,25992,0,0,-,0,"$25,992",0.0,500.0,0.0,,
HM210469,1,2021,CRV,2HKRW2H86MH618007,AWD EXL-T,RW2H8MJNW,4,AUTO,GY,BK,33070,31074.6,"$31,075",RW2H8MJNW,RW2H8MJNWGY/BK,NO,33070,32072.5,31075.0,L,-11,300.00,31075.0,0,0,-,0,"$31,075",0.0,500.0,0.0,,
HM210471,1,2021,CRV,2HKRW2H94MH618130,AWD TRG-T,RW2H9MKNW,4,AUTO,BK,BK,36270,33526.58,"$33,527",RW2H9MKNW,RW2H9MKNWBK/BK,NO,36270,34898.5,33527.0,L,-8,NO SALES,33527.0,0,0,-,0,"$33,527",0.0,500.0,0.0,,
HM210483,1,2021,ODYSSEY,5FNRL6H54MB039621,EX,RL6H5MEXW,6,AUTO,BY,BN,36705,34293.52,"$32,893",RL6H5MEXW+,RL6H5MEXW+BY/BN,YES,35662,34277.5,32893.0,L,-3,120.00,32893.0,0,0,-,0,"$32,893",0.0,1000.0,0.0,,
,,,,,,,,,,,,,#N/A,0,-,#N/A,#N/A,#N/A,#N/A,#N/A,#N/A,-,#N/A,0,262141750,-,0,#N/A,#N/A,#N/A,#N/A,,
